month,transaction_count,to_address,from_address,artifact_name,project_name,to_address_rawscore,from_address_rawscore
2024-08,1,0xe67192302e444a8d28f60f6737a8bc7c672b8ac6,0x7c4c5eeb4d2c113fcabb264595c8b5e9c022efc4,0xe67192302e444a8d28f60f6737a8bc7c672b8ac6,hvax,,5.669
2024-08,1,0x85ba183fb4c16d435b076dde459dafc8eff864d8,0xe9e50a37a56b672cea34b5b43510aa74e73a2fd4,0x85ba183fb4c16d435b076dde459dafc8eff864d8,arbilearn-aliveevie,17.18,
2024-04,1,0xfb2dc580eed955b528407b4d36ffafe3da685401,0x3eb2f9217fd12cc1eebab15864696ffc417abc9b,0xfb2dc580eed955b528407b4d36ffafe3da685401,umbra-scopelift,,3.317
2024-04,1,0xfb2dc580eed955b528407b4d36ffafe3da685401,0xf3b5a1ff3e2157368adfc69c466fa51309efbf11,0xfb2dc580eed955b528407b4d36ffafe3da685401,umbra-scopelift,,
2024-06,1,0xfb2dc580eed955b528407b4d36ffafe3da685401,0x44242d170a0128b1284cace27871d763b9b8eabf,0xfb2dc580eed955b528407b4d36ffafe3da685401,umbra-scopelift,,6.365
2024-04,1,0xfb2dc580eed955b528407b4d36ffafe3da685401,0x7835a9a3c46c233aa910e3adad384112562603f9,0xfb2dc580eed955b528407b4d36ffafe3da685401,umbra-scopelift,,
2024-04,1,0xfb2dc580eed955b528407b4d36ffafe3da685401,0x44242d170a0128b1284cace27871d763b9b8eabf,0xfb2dc580eed955b528407b4d36ffafe3da685401,umbra-scopelift,,6.365
2024-04,1,0xfb2dc580eed955b528407b4d36ffafe3da685401,0xf5fc0ca24851ad26c0fff48ff10f4645dd0bf8c7,0xfb2dc580eed955b528407b4d36ffafe3da685401,umbra-scopelift,,3.07
2024-06,1,0xfb2dc580eed955b528407b4d36ffafe3da685401,0x3487ad22e0b30aed4c6bff401c855e831cbc1fd3,0xfb2dc580eed955b528407b4d36ffafe3da685401,umbra-scopelift,,
2024-07,1,0xfb2dc580eed955b528407b4d36ffafe3da685401,0xc6c7382414cc2197b0a8f423952e8b6a354d7f33,0xfb2dc580eed955b528407b4d36ffafe3da685401,umbra-scopelift,,20.386
2024-06,1,0xfb2dc580eed955b528407b4d36ffafe3da685401,0xe2acd73bbfd30d3191ebc2234cd81794795cf86c,0xfb2dc580eed955b528407b4d36ffafe3da685401,umbra-scopelift,,
2024-06,1,0xfb2dc580eed955b528407b4d36ffafe3da685401,0xe6a78d80f4ec540a4be8c414f2adef47cb98b02a,0xfb2dc580eed955b528407b4d36ffafe3da685401,umbra-scopelift,,
2024-09,1,0x0442a9abbc93058a873c371f21cc366338254a88,0x64e09d9f25d4eb6dd289181a095e680251213bb8,0x0442a9abbc93058a873c371f21cc366338254a88,urbanika,0,
2024-05,1,0x31fe56609c65cd0c510e7125f051d440424d38f3,0x333e8aa11c2d6f0128d79a271f11d39059c5b8dd,0x31fe56609c65cd0c510e7125f051d440424d38f3,umbra-scopelift,,
2024-05,1,0x31fe56609c65cd0c510e7125f051d440424d38f3,0xbbe2bef9a87ace026c1894708693c950087a3926,0x31fe56609c65cd0c510e7125f051d440424d38f3,umbra-scopelift,,21.873
2024-05,1,0x31fe56609c65cd0c510e7125f051d440424d38f3,0x81a36aee1a841ed808393c33ef53f51cd1a9703a,0x31fe56609c65cd0c510e7125f051d440424d38f3,umbra-scopelift,,16.006
2024-08,1,0x6cc567128e8cae88dbe162e712cd0985d78b0f33,0xe9e50a37a56b672cea34b5b43510aa74e73a2fd4,0x6cc567128e8cae88dbe162e712cd0985d78b0f33,ethdailyhub,,
2024-07,2,0x2b8c610f3fc6f883817637d15514293565c3d08a,0x9531c059098e3d194ff87febb587ab07b30b1306,0x9531c059098e3d194ff87febb587ab07b30b1306,rotki,,
2024-06,3,0x2b8c610f3fc6f883817637d15514293565c3d08a,0x9531c059098e3d194ff87febb587ab07b30b1306,0x9531c059098e3d194ff87febb587ab07b30b1306,rotki,,
2024-08,3,0x2b8c610f3fc6f883817637d15514293565c3d08a,0x9531c059098e3d194ff87febb587ab07b30b1306,0x9531c059098e3d194ff87febb587ab07b30b1306,rotki,,
2024-08,1,0x4f604735c1cf31399c6e711d5962b2b3e0225ad3,0x9531c059098e3d194ff87febb587ab07b30b1306,0x9531c059098e3d194ff87febb587ab07b30b1306,rotki,,
2024-06,1,0x4f604735c1cf31399c6e711d5962b2b3e0225ad3,0x9531c059098e3d194ff87febb587ab07b30b1306,0x9531c059098e3d194ff87febb587ab07b30b1306,rotki,,
2024-04,1,0xfb2dc580eed955b528407b4d36ffafe3da685401,0x9e75714a7c01ca76d3ace0ff043b3d8f5cbae563,0xfb2dc580eed955b528407b4d36ffafe3da685401,umbra-scopelift,,4.21
2024-04,1,0xfb2dc580eed955b528407b4d36ffafe3da685401,0x400153c66fcca59c35d215c00f7e30e6fca73d43,0xfb2dc580eed955b528407b4d36ffafe3da685401,umbra-scopelift,,
2024-07,1,0xfb2dc580eed955b528407b4d36ffafe3da685401,0x191b24534b6116c635d918931f18cc73aee906c2,0xfb2dc580eed955b528407b4d36ffafe3da685401,umbra-scopelift,,3.19
2024-05,2,0xfb2dc580eed955b528407b4d36ffafe3da685401,0x0f7ce1ad3c662f243df026efdb27079b01cee922,0xfb2dc580eed955b528407b4d36ffafe3da685401,umbra-scopelift,,
2024-04,1,0xfb2dc580eed955b528407b4d36ffafe3da685401,0xc5b224af929f8a2a9553001a7a87b0e920e9ff32,0xfb2dc580eed955b528407b4d36ffafe3da685401,umbra-scopelift,,
2024-07,1,0xfb2dc580eed955b528407b4d36ffafe3da685401,0x2c7e063bf10d95f0c88f1e63e23b73b953e5f265,0xfb2dc580eed955b528407b4d36ffafe3da685401,umbra-scopelift,,
2024-04,1,0xfb2dc580eed955b528407b4d36ffafe3da685401,0x2adf5ec9b146e3b12bfa318ea6600df3f3191968,0xfb2dc580eed955b528407b4d36ffafe3da685401,umbra-scopelift,,
2024-06,1,0xfb2dc580eed955b528407b4d36ffafe3da685401,0x4d10e49839396eb1da487ca5698dcf89ff00ddc0,0xfb2dc580eed955b528407b4d36ffafe3da685401,umbra-scopelift,,
2024-06,1,0xfb2dc580eed955b528407b4d36ffafe3da685401,0xaf6624648ca5d98aa2abc60c62437a3f19586a5a,0xfb2dc580eed955b528407b4d36ffafe3da685401,umbra-scopelift,,
2024-08,1,0xfb2dc580eed955b528407b4d36ffafe3da685401,0xea621980ffb571f87a82fccbdee9aa414353eb96,0xfb2dc580eed955b528407b4d36ffafe3da685401,umbra-scopelift,,
2024-08,1,0xfb2dc580eed955b528407b4d36ffafe3da685401,0x999a628fa8b496e1af343540ad53780569796018,0xfb2dc580eed955b528407b4d36ffafe3da685401,umbra-scopelift,,
2024-04,1,0xfb2dc580eed955b528407b4d36ffafe3da685401,0x191b24534b6116c635d918931f18cc73aee906c2,0xfb2dc580eed955b528407b4d36ffafe3da685401,umbra-scopelift,,3.19
2024-04,1,0xfb2dc580eed955b528407b4d36ffafe3da685401,0xef9ce922d7848a0a745bfd192f2d98e5e9802da6,0xfb2dc580eed955b528407b4d36ffafe3da685401,umbra-scopelift,,
2024-07,1,0xfb2dc580eed955b528407b4d36ffafe3da685401,0x6121f5a7f93c52cf7f0868bcd01756381b35a4cb,0xfb2dc580eed955b528407b4d36ffafe3da685401,umbra-scopelift,,
2024-05,1,0xfb2dc580eed955b528407b4d36ffafe3da685401,0x9e75714a7c01ca76d3ace0ff043b3d8f5cbae563,0xfb2dc580eed955b528407b4d36ffafe3da685401,umbra-scopelift,,4.21
2024-08,1,0xfb2dc580eed955b528407b4d36ffafe3da685401,0x426cc7d61b046e5381a8015659eda92fa49194bd,0xfb2dc580eed955b528407b4d36ffafe3da685401,umbra-scopelift,,20.246
2024-06,1,0xfb2dc580eed955b528407b4d36ffafe3da685401,0xa11ba18f5eae6d3633e21469b7da3c6ccdac2c60,0xfb2dc580eed955b528407b4d36ffafe3da685401,umbra-scopelift,,
2024-05,2,0xfb2dc580eed955b528407b4d36ffafe3da685401,0x93ea52c9f9d7bed7c680d1aa6c217b5b75d7475d,0xfb2dc580eed955b528407b4d36ffafe3da685401,umbra-scopelift,,6.132
2024-05,1,0xfb2dc580eed955b528407b4d36ffafe3da685401,0x05e5f38c988fdf103850fcffc12b51bc5f199782,0xfb2dc580eed955b528407b4d36ffafe3da685401,umbra-scopelift,,
2024-08,2,0x8fe3842e0b7472a57f2a2d56cf6bce08517a1de0,0x9531c059098e3d194ff87febb587ab07b30b1306,0x9531c059098e3d194ff87febb587ab07b30b1306,rotki,,
2024-06,1,0x8fe3842e0b7472a57f2a2d56cf6bce08517a1de0,0x9531c059098e3d194ff87febb587ab07b30b1306,0x9531c059098e3d194ff87febb587ab07b30b1306,rotki,,
2024-06,2,0x912ce59144191c1204e64559fe8253a0e49e6548,0x9531c059098e3d194ff87febb587ab07b30b1306,0x9531c059098e3d194ff87febb587ab07b30b1306,rotki,,
2024-05,1,0xf017a2bf40685401386707ce294a992f23db5a1c,0x9531c059098e3d194ff87febb587ab07b30b1306,0x9531c059098e3d194ff87febb587ab07b30b1306,rotki,,
2024-06,2,0xda10009cbd5d07dd0cecc66161fc93d7c9000da1,0x9531c059098e3d194ff87febb587ab07b30b1306,0x9531c059098e3d194ff87febb587ab07b30b1306,rotki,,
2024-06,1,0x929ec64c34a17401f460460d4b9390518e5b473e,0x9531c059098e3d194ff87febb587ab07b30b1306,0x9531c059098e3d194ff87febb587ab07b30b1306,rotki,,
2024-08,1,0x1111111254eeb25477b68fb85ed929f73a960582,0x9531c059098e3d194ff87febb587ab07b30b1306,0x9531c059098e3d194ff87febb587ab07b30b1306,rotki,,
2024-08,12,0x4fe3fc701504ac72bff774e42e78fb349607de56,0x62c1b4e8216dd888fb0b03f0ab683e06240c1cb9,0x4fe3fc701504ac72bff774e42e78fb349607de56,duel3,,1.647
2024-08,8,0x4fe3fc701504ac72bff774e42e78fb349607de56,0x147a89665f36f45b677c8696c90911f324f49c08,0x4fe3fc701504ac72bff774e42e78fb349607de56,duel3,,
2024-05,1,0xc30362313fbba5cf9163f0bb16a0e01f01a896ca,0x9531c059098e3d194ff87febb587ab07b30b1306,0x9531c059098e3d194ff87febb587ab07b30b1306,rotki,,
2024-04,1,0x31fe56609c65cd0c510e7125f051d440424d38f3,0x400153c66fcca59c35d215c00f7e30e6fca73d43,0x31fe56609c65cd0c510e7125f051d440424d38f3,umbra-scopelift,,
2024-08,1,0x31fe56609c65cd0c510e7125f051d440424d38f3,0xea621980ffb571f87a82fccbdee9aa414353eb96,0x31fe56609c65cd0c510e7125f051d440424d38f3,umbra-scopelift,,
2024-08,1,0x31fe56609c65cd0c510e7125f051d440424d38f3,0x999a628fa8b496e1af343540ad53780569796018,0x31fe56609c65cd0c510e7125f051d440424d38f3,umbra-scopelift,,
2024-05,1,0x31fe56609c65cd0c510e7125f051d440424d38f3,0x05e5f38c988fdf103850fcffc12b51bc5f199782,0x31fe56609c65cd0c510e7125f051d440424d38f3,umbra-scopelift,,
2024-04,1,0x31fe56609c65cd0c510e7125f051d440424d38f3,0xc5b224af929f8a2a9553001a7a87b0e920e9ff32,0x31fe56609c65cd0c510e7125f051d440424d38f3,umbra-scopelift,,
2024-05,1,0x31fe56609c65cd0c510e7125f051d440424d38f3,0xba28a7bb5321c4fb8d3f37f887a2759f1241d239,0x31fe56609c65cd0c510e7125f051d440424d38f3,umbra-scopelift,,
2024-08,4,0x794a61358d6845594f94dc1db02a252b5b4814ad,0x9531c059098e3d194ff87febb587ab07b30b1306,0x9531c059098e3d194ff87febb587ab07b30b1306,rotki,,
2024-06,1,0x794a61358d6845594f94dc1db02a252b5b4814ad,0x9531c059098e3d194ff87febb587ab07b30b1306,0x9531c059098e3d194ff87febb587ab07b30b1306,rotki,,
2024-05,1,0x794a61358d6845594f94dc1db02a252b5b4814ad,0x9531c059098e3d194ff87febb587ab07b30b1306,0x9531c059098e3d194ff87febb587ab07b30b1306,rotki,,
2024-08,1,0xfd086bc7cd5c481dcc9c85ebe478a1c0b69fcbb9,0x9531c059098e3d194ff87febb587ab07b30b1306,0x9531c059098e3d194ff87febb587ab07b30b1306,rotki,,
2024-06,2,0x6131b5fae19ea4f9d964eac0408e4408b66337b5,0x9531c059098e3d194ff87febb587ab07b30b1306,0x9531c059098e3d194ff87febb587ab07b30b1306,rotki,,
2024-04,2,0x1133ea7af70876e64665ecd07c0a0476d09465a1,0x9531c059098e3d194ff87febb587ab07b30b1306,0x9531c059098e3d194ff87febb587ab07b30b1306,rotki,,
2024-08,4,0xaf88d065e77c8cc2239327c5edb3a432268e5831,0x9531c059098e3d194ff87febb587ab07b30b1306,0x9531c059098e3d194ff87febb587ab07b30b1306,rotki,,
2024-06,3,0xaf88d065e77c8cc2239327c5edb3a432268e5831,0x9531c059098e3d194ff87febb587ab07b30b1306,0x9531c059098e3d194ff87febb587ab07b30b1306,rotki,,
2024-05,1,0xaf88d065e77c8cc2239327c5edb3a432268e5831,0x9531c059098e3d194ff87febb587ab07b30b1306,0x9531c059098e3d194ff87febb587ab07b30b1306,rotki,,
2024-08,1,0x2c2e7dca11c0cf96e27ba53e196ab79b4c123b0a,0x3d3f7dca11c0cf96e27ba53e196ab79b4c124c1b,0x2c2e7dca11c0cf96e27ba53e196ab79b4c123b0a,duel3,,
2024-08,1,0x4452fb36ba1085e84e2d9d3485ccccc240febf72,0x4976e41e2f43169b9a4330805aa1e004840fd69a,0x4976e41e2f43169b9a4330805aa1e004840fd69a,stogramhq,,
2024-04,2,0xfb2dc580eed955b528407b4d36ffafe3da685401,0xffd2c5b57b31d8e22aca9881271d1fbf3fb79055,0xfb2dc580eed955b528407b4d36ffafe3da685401,umbra-scopelift,,
2024-06,1,0xfb2dc580eed955b528407b4d36ffafe3da685401,0xf526486ffa93cbeae56efaf4c50afe7ece7f3c13,0xfb2dc580eed955b528407b4d36ffafe3da685401,umbra-scopelift,,
2024-04,1,0xfb2dc580eed955b528407b4d36ffafe3da685401,0x3173bc0da5e344444bdab4cb7ae1a454692d6951,0xfb2dc580eed955b528407b4d36ffafe3da685401,umbra-scopelift,,
2024-05,1,0xfb2dc580eed955b528407b4d36ffafe3da685401,0x6ad60f3f9428bbc35d0d5de93cf8e4850c43d417,0xfb2dc580eed955b528407b4d36ffafe3da685401,umbra-scopelift,,
2024-06,1,0xfb2dc580eed955b528407b4d36ffafe3da685401,0x1953dce49faebbc61ef8cf88f5cb825f5c8ee877,0xfb2dc580eed955b528407b4d36ffafe3da685401,umbra-scopelift,,17.676
2024-04,1,0xfb2dc580eed955b528407b4d36ffafe3da685401,0x850fb1d9293200f9da928460220829deb0d443d2,0xfb2dc580eed955b528407b4d36ffafe3da685401,umbra-scopelift,,
2024-08,2,0xfb2dc580eed955b528407b4d36ffafe3da685401,0x84588d5993ba39b8eeecbb3aedd972c867503430,0xfb2dc580eed955b528407b4d36ffafe3da685401,umbra-scopelift,,6.876
2024-06,1,0xfb2dc580eed955b528407b4d36ffafe3da685401,0x7e5dcf0f6406508aa999f2ecaaa0f302dadc52bf,0xfb2dc580eed955b528407b4d36ffafe3da685401,umbra-scopelift,,
2024-07,1,0xfb2dc580eed955b528407b4d36ffafe3da685401,0xdb5fa29b483a513449aa9ab3c70afe8c4e78cf83,0xfb2dc580eed955b528407b4d36ffafe3da685401,umbra-scopelift,,
2024-07,1,0xfb2dc580eed955b528407b4d36ffafe3da685401,0x84588d5993ba39b8eeecbb3aedd972c867503430,0xfb2dc580eed955b528407b4d36ffafe3da685401,umbra-scopelift,,6.876
2024-04,1,0xfb2dc580eed955b528407b4d36ffafe3da685401,0xdf479da8818c78424a38caa41882c7ba18c6284c,0xfb2dc580eed955b528407b4d36ffafe3da685401,umbra-scopelift,,
2024-08,1,0xfb2dc580eed955b528407b4d36ffafe3da685401,0xaa109bba9ccf36ba6aaceacbb7c0485e2e005f03,0xfb2dc580eed955b528407b4d36ffafe3da685401,umbra-scopelift,,
2024-05,3,0x8f379ecc582ba13933620712d38e06bf53341ea9,0x4976e41e2f43169b9a4330805aa1e004840fd69a,0x4976e41e2f43169b9a4330805aa1e004840fd69a,stogramhq,,
2024-08,1,0x8f379ecc582ba13933620712d38e06bf53341ea9,0x4976e41e2f43169b9a4330805aa1e004840fd69a,0x4976e41e2f43169b9a4330805aa1e004840fd69a,stogramhq,,
2024-08,1,0x59dadd3cbd22cce29a0db85355547ff31870393c,0x4976e41e2f43169b9a4330805aa1e004840fd69a,0x4976e41e2f43169b9a4330805aa1e004840fd69a,stogramhq,,
2024-05,2,0x912ce59144191c1204e64559fe8253a0e49e6548,0x4976e41e2f43169b9a4330805aa1e004840fd69a,0x4976e41e2f43169b9a4330805aa1e004840fd69a,stogramhq,,
2024-08,2,0x912ce59144191c1204e64559fe8253a0e49e6548,0x4976e41e2f43169b9a4330805aa1e004840fd69a,0x4976e41e2f43169b9a4330805aa1e004840fd69a,stogramhq,,
2024-07,1,0x912ce59144191c1204e64559fe8253a0e49e6548,0x4976e41e2f43169b9a4330805aa1e004840fd69a,0x4976e41e2f43169b9a4330805aa1e004840fd69a,stogramhq,,
2024-08,2,0x627d54b88b519a2915b6a5a76fa9530fd085ce26,0x4aceeb7bf9ec8104cc2379f1e8d648ee47249fcb,0x627d54b88b519a2915b6a5a76fa9530fd085ce26,hypercerts,,40.645
2024-04,4,0xdbd0f5ebada6632dde7d47713ea200a7c2ff91eb,0xffd2c5b57b31d8e22aca9881271d1fbf3fb79055,0xdbd0f5ebada6632dde7d47713ea200a7c2ff91eb,umbra-scopelift,,
2024-05,1,0xea1559e034111bd0bbc1a8bbb7e8e0c5a98ed35d,0x4976e41e2f43169b9a4330805aa1e004840fd69a,0x4976e41e2f43169b9a4330805aa1e004840fd69a,stogramhq,0,
2024-07,1,0xc72fa67241b2ab95776db23cb27a845d4290d75b,0x4976e41e2f43169b9a4330805aa1e004840fd69a,0x4976e41e2f43169b9a4330805aa1e004840fd69a,stogramhq,25.355,
2024-08,1,0xc72fa67241b2ab95776db23cb27a845d4290d75b,0x4976e41e2f43169b9a4330805aa1e004840fd69a,0xc72fa67241b2ab95776db23cb27a845d4290d75b,stogramhq,25.355,
2024-08,1,0xc72fa67241b2ab95776db23cb27a845d4290d75b,0x4976e41e2f43169b9a4330805aa1e004840fd69a,0x4976e41e2f43169b9a4330805aa1e004840fd69a,stogramhq,25.355,
2024-07,1,0xc72fa67241b2ab95776db23cb27a845d4290d75b,0x4976e41e2f43169b9a4330805aa1e004840fd69a,0xc72fa67241b2ab95776db23cb27a845d4290d75b,stogramhq,25.355,
2024-08,9,0x4fe3fc701504ac72bff774e42e78fb349607de56,0xaf186526734e9038f21d2b0698ae02417c21cc70,0x4fe3fc701504ac72bff774e42e78fb349607de56,duel3,,15.43
2024-07,1,0x33383265290421c704c6b09f4bf27ce574dc4203,0x4976e41e2f43169b9a4330805aa1e004840fd69a,0x4976e41e2f43169b9a4330805aa1e004840fd69a,stogramhq,,
2024-05,5,0x6dc1d6b864e8bef815806f9e4677123496e12026,0x4976e41e2f43169b9a4330805aa1e004840fd69a,0x4976e41e2f43169b9a4330805aa1e004840fd69a,stogramhq,,
2024-06,1,0x31fe56609c65cd0c510e7125f051d440424d38f3,0x1953dce49faebbc61ef8cf88f5cb825f5c8ee877,0x31fe56609c65cd0c510e7125f051d440424d38f3,umbra-scopelift,,17.676
2024-06,1,0x31fe56609c65cd0c510e7125f051d440424d38f3,0x5acb16ca815a5566ee5acd21a71615ec3882abbb,0x31fe56609c65cd0c510e7125f051d440424d38f3,umbra-scopelift,,
2024-05,1,0x31fe56609c65cd0c510e7125f051d440424d38f3,0x817c358e51aecca4a5187599314a79dda4450827,0x31fe56609c65cd0c510e7125f051d440424d38f3,umbra-scopelift,,
2024-04,1,0x31fe56609c65cd0c510e7125f051d440424d38f3,0xffd2c5b57b31d8e22aca9881271d1fbf3fb79055,0x31fe56609c65cd0c510e7125f051d440424d38f3,umbra-scopelift,,
2024-08,1,0x65b84d588d0a8cf8874ba4a2d76ad91451faa45a,0x4976e41e2f43169b9a4330805aa1e004840fd69a,0x4976e41e2f43169b9a4330805aa1e004840fd69a,stogramhq,,
2024-05,4,0xaf88d065e77c8cc2239327c5edb3a432268e5831,0x4976e41e2f43169b9a4330805aa1e004840fd69a,0x4976e41e2f43169b9a4330805aa1e004840fd69a,stogramhq,,
2024-08,4,0xaf88d065e77c8cc2239327c5edb3a432268e5831,0x4976e41e2f43169b9a4330805aa1e004840fd69a,0x4976e41e2f43169b9a4330805aa1e004840fd69a,stogramhq,,
2024-04,1,0xaf88d065e77c8cc2239327c5edb3a432268e5831,0x4976e41e2f43169b9a4330805aa1e004840fd69a,0x4976e41e2f43169b9a4330805aa1e004840fd69a,stogramhq,,
2024-07,1,0xaf88d065e77c8cc2239327c5edb3a432268e5831,0x4976e41e2f43169b9a4330805aa1e004840fd69a,0x4976e41e2f43169b9a4330805aa1e004840fd69a,stogramhq,,
2024-08,1,0x3b9183ec661413612bdfc2d0dacfabcd867f7dc1,0x4976e41e2f43169b9a4330805aa1e004840fd69a,0x4976e41e2f43169b9a4330805aa1e004840fd69a,stogramhq,0.525,
2024-04,1,0x3b9183ec661413612bdfc2d0dacfabcd867f7dc1,0x4976e41e2f43169b9a4330805aa1e004840fd69a,0x4976e41e2f43169b9a4330805aa1e004840fd69a,stogramhq,0.525,
2024-09,2,0xfb2dc580eed955b528407b4d36ffafe3da685401,0xf8158782fb89e390859cbf334f54f98385c4ca3b,0xfb2dc580eed955b528407b4d36ffafe3da685401,umbra-scopelift,,
2024-05,1,0xfb2dc580eed955b528407b4d36ffafe3da685401,0xf8158782fb89e390859cbf334f54f98385c4ca3b,0xfb2dc580eed955b528407b4d36ffafe3da685401,umbra-scopelift,,
2024-06,1,0xfb2dc580eed955b528407b4d36ffafe3da685401,0xd480161e9be8281817fd665ba7942c929ad7f22b,0xfb2dc580eed955b528407b4d36ffafe3da685401,umbra-scopelift,,
2024-06,1,0xfb2dc580eed955b528407b4d36ffafe3da685401,0x0ead81bfd1f7096ddb6c997e734220b916a5840e,0xfb2dc580eed955b528407b4d36ffafe3da685401,umbra-scopelift,,
2024-04,1,0xfb2dc580eed955b528407b4d36ffafe3da685401,0xc272695413dde6400b3953be4a5ad594164c735a,0xfb2dc580eed955b528407b4d36ffafe3da685401,umbra-scopelift,,3.07
2024-06,1,0xfb2dc580eed955b528407b4d36ffafe3da685401,0x079fb9654ab800c8354f0b0a92ba83f34ae77200,0xfb2dc580eed955b528407b4d36ffafe3da685401,umbra-scopelift,,
2024-05,1,0xfb2dc580eed955b528407b4d36ffafe3da685401,0x17252c95db43b200447073f251f86a8dbba0a906,0xfb2dc580eed955b528407b4d36ffafe3da685401,umbra-scopelift,,
2024-04,1,0xfb2dc580eed955b528407b4d36ffafe3da685401,0x29712be4c02aacb67bcbb0504f8f48b9669a826f,0xfb2dc580eed955b528407b4d36ffafe3da685401,umbra-scopelift,,
2024-06,1,0xfb2dc580eed955b528407b4d36ffafe3da685401,0x00086d3559eaa86b26abc4542a1286692e193b53,0xfb2dc580eed955b528407b4d36ffafe3da685401,umbra-scopelift,,
2024-04,1,0xfb2dc580eed955b528407b4d36ffafe3da685401,0x78db747e40097dc969b78c8b04ff1d988f9c9251,0xfb2dc580eed955b528407b4d36ffafe3da685401,umbra-scopelift,,
2024-06,1,0xfb2dc580eed955b528407b4d36ffafe3da685401,0x29712be4c02aacb67bcbb0504f8f48b9669a826f,0xfb2dc580eed955b528407b4d36ffafe3da685401,umbra-scopelift,,
2024-06,1,0xfb2dc580eed955b528407b4d36ffafe3da685401,0xdc7bc6d07ed4793b0689b70081d1438a33622b97,0xfb2dc580eed955b528407b4d36ffafe3da685401,umbra-scopelift,,
2024-06,1,0xfb2dc580eed955b528407b4d36ffafe3da685401,0x199a44924e1a070129f9b18bd61db56968ade0e6,0xfb2dc580eed955b528407b4d36ffafe3da685401,umbra-scopelift,,
2024-06,1,0xfb2dc580eed955b528407b4d36ffafe3da685401,0x2f427c3e0302e8759a7262e597ce7da94929a91f,0xfb2dc580eed955b528407b4d36ffafe3da685401,umbra-scopelift,,
2024-05,1,0x31fe56609c65cd0c510e7125f051d440424d38f3,0x17252c95db43b200447073f251f86a8dbba0a906,0x31fe56609c65cd0c510e7125f051d440424d38f3,umbra-scopelift,,
2024-06,1,0x31fe56609c65cd0c510e7125f051d440424d38f3,0x00086d3559eaa86b26abc4542a1286692e193b53,0x31fe56609c65cd0c510e7125f051d440424d38f3,umbra-scopelift,,
2024-05,1,0x31fe56609c65cd0c510e7125f051d440424d38f3,0x5f8a34d201ebc2fbb9e4afd2ab6ab03183dbd482,0x31fe56609c65cd0c510e7125f051d440424d38f3,umbra-scopelift,,
2024-06,1,0xfb2dc580eed955b528407b4d36ffafe3da685401,0x520c2cef12c7d63ebcbac93c8a3e6afb27d00ba3,0xfb2dc580eed955b528407b4d36ffafe3da685401,umbra-scopelift,,
2024-06,1,0xfb2dc580eed955b528407b4d36ffafe3da685401,0x25a378e75bbe6fff9b353e6d80708c4f75e73053,0xfb2dc580eed955b528407b4d36ffafe3da685401,umbra-scopelift,,
2024-07,1,0xfb2dc580eed955b528407b4d36ffafe3da685401,0x1da9a94eff133ce39fe9212d6c0340e35b8fd62a,0xfb2dc580eed955b528407b4d36ffafe3da685401,umbra-scopelift,,2.068
2024-06,1,0xfb2dc580eed955b528407b4d36ffafe3da685401,0x5caf053a1c29be0a426dc637858789c06f71d2e0,0xfb2dc580eed955b528407b4d36ffafe3da685401,umbra-scopelift,,9.41
2024-04,1,0xfb2dc580eed955b528407b4d36ffafe3da685401,0xb4408372e635a8b876a2667f8bf9d2a82ad3858b,0xfb2dc580eed955b528407b4d36ffafe3da685401,umbra-scopelift,,
2024-06,1,0xfb2dc580eed955b528407b4d36ffafe3da685401,0x98976ffd0fd2dc8faa5701c91e3b742e08b600cf,0xfb2dc580eed955b528407b4d36ffafe3da685401,umbra-scopelift,,
2024-06,2,0xfb2dc580eed955b528407b4d36ffafe3da685401,0x2aafba1d57813c0c0fa9cc4834b10b82f3492dce,0xfb2dc580eed955b528407b4d36ffafe3da685401,umbra-scopelift,,0
2024-07,1,0xfb2dc580eed955b528407b4d36ffafe3da685401,0xd9e2688c16921da488451118e5c357ffaddd5d4b,0xfb2dc580eed955b528407b4d36ffafe3da685401,umbra-scopelift,,
2024-04,1,0xfb2dc580eed955b528407b4d36ffafe3da685401,0x1da9a94eff133ce39fe9212d6c0340e35b8fd62a,0xfb2dc580eed955b528407b4d36ffafe3da685401,umbra-scopelift,,2.068
2024-08,1,0xfb2dc580eed955b528407b4d36ffafe3da685401,0x1da9a94eff133ce39fe9212d6c0340e35b8fd62a,0xfb2dc580eed955b528407b4d36ffafe3da685401,umbra-scopelift,,2.068
2024-07,1,0xfb2dc580eed955b528407b4d36ffafe3da685401,0xf2f03b18fee85f58ceac80a3503e33b7105652db,0xfb2dc580eed955b528407b4d36ffafe3da685401,umbra-scopelift,,
2024-08,9,0x4fe3fc701504ac72bff774e42e78fb349607de56,0xb872e44e69ef9a28ecb436a12dc21f6e7e797777,0x4fe3fc701504ac72bff774e42e78fb349607de56,duel3,,
2024-08,8,0x4fe3fc701504ac72bff774e42e78fb349607de56,0x0dd29a896e1f200efdf2f6df76d27e23df04413d,0x4fe3fc701504ac72bff774e42e78fb349607de56,duel3,,30.153
2024-06,1,0x31fe56609c65cd0c510e7125f051d440424d38f3,0xd5f35f95f03cd3789b709baefe9b1c2922b6c640,0x31fe56609c65cd0c510e7125f051d440424d38f3,umbra-scopelift,,
2024-05,1,0x31fe56609c65cd0c510e7125f051d440424d38f3,0x70e377d17f9bb707dd7ada643b390ceb21d56f36,0x31fe56609c65cd0c510e7125f051d440424d38f3,umbra-scopelift,,20.128
2024-08,2,0x7f7582af4255003d49193f70dc70b9f36aabed61,0xa323b49fe61742527d081ecf8d5fe396515a3bfe,0xa323b49fe61742527d081ecf8d5fe396515a3bfe,coindlabs,,
2024-08,2,0x4f604735c1cf31399c6e711d5962b2b3e0225ad3,0x85ba183fb4c16d435b076dde459dafc8eff864d8,0x85ba183fb4c16d435b076dde459dafc8eff864d8,arbilearn-aliveevie,,17.18
2024-08,1,0x85ba183fb4c16d435b076dde459dafc8eff864d8,0x85ba183fb4c16d435b076dde459dafc8eff864d8,0x85ba183fb4c16d435b076dde459dafc8eff864d8,arbilearn-aliveevie,17.18,17.18
2024-06,3,0xfb2dc580eed955b528407b4d36ffafe3da685401,0x59ae215a01115bc7add8e0817c1936fbf28357e5,0xfb2dc580eed955b528407b4d36ffafe3da685401,umbra-scopelift,,
2024-04,1,0xfb2dc580eed955b528407b4d36ffafe3da685401,0xaf5cea8dc41a2cc4ffe41975444aeff5e834bfbd,0xfb2dc580eed955b528407b4d36ffafe3da685401,umbra-scopelift,,
2024-06,2,0xfb2dc580eed955b528407b4d36ffafe3da685401,0x1a9308446118eaacf93fb6d1f54ffd5defa18f8a,0xfb2dc580eed955b528407b4d36ffafe3da685401,umbra-scopelift,,4.229
2024-04,1,0xfb2dc580eed955b528407b4d36ffafe3da685401,0xe6aad6af4bea4b6af87ea3598a71f9a988b0b0b4,0xfb2dc580eed955b528407b4d36ffafe3da685401,umbra-scopelift,,5.148
2024-06,1,0xfb2dc580eed955b528407b4d36ffafe3da685401,0xddcf0170eb81f54ef70dae9607f973c903b4cfcf,0xfb2dc580eed955b528407b4d36ffafe3da685401,umbra-scopelift,,
2024-05,1,0xfb2dc580eed955b528407b4d36ffafe3da685401,0xb8cdcc586368ce1b42f49274278b873a370b1985,0xfb2dc580eed955b528407b4d36ffafe3da685401,umbra-scopelift,,
2024-05,2,0xfb2dc580eed955b528407b4d36ffafe3da685401,0xcff56c8456fa104c977cedf52fa2ef862a3ff1a6,0xfb2dc580eed955b528407b4d36ffafe3da685401,umbra-scopelift,,
2024-08,1,0x6d001e0451895b79851bedfcb1384d8fcab3a309,0xa323b49fe61742527d081ecf8d5fe396515a3bfe,0xa323b49fe61742527d081ecf8d5fe396515a3bfe,coindlabs,,
2024-08,1,0xe9be7b680a573fc03396f1227ea2695bc6dedfcb,0x8922c8ac42ae84ced3a4e8d54ce7fcb3d52ebcb2,0xe9be7b680a573fc03396f1227ea2695bc6dedfcb,refi-starter,2.473,15.259
2024-08,5,0x912ce59144191c1204e64559fe8253a0e49e6548,0xa323b49fe61742527d081ecf8d5fe396515a3bfe,0xa323b49fe61742527d081ecf8d5fe396515a3bfe,coindlabs,,
2024-08,6,0x8e1bd5da87c14dd8e08f7ecc2abf9d1d558ea174,0x85ba183fb4c16d435b076dde459dafc8eff864d8,0x85ba183fb4c16d435b076dde459dafc8eff864d8,arbilearn-aliveevie,,17.18
2024-08,1,0x777777722d078c97c6ad07d9f36801e653e356ae,0x85ba183fb4c16d435b076dde459dafc8eff864d8,0x85ba183fb4c16d435b076dde459dafc8eff864d8,arbilearn-aliveevie,,17.18
2024-08,1,0x4d9339dd97db55e3b9bcbe65de39ff9c04d1c2cd,0x85ba183fb4c16d435b076dde459dafc8eff864d8,0x85ba183fb4c16d435b076dde459dafc8eff864d8,arbilearn-aliveevie,,17.18
2024-07,3,0x4aacca72145e1df2aec137e1f3c5e3d75db8b5f3,0x85ba183fb4c16d435b076dde459dafc8eff864d8,0x85ba183fb4c16d435b076dde459dafc8eff864d8,arbilearn-aliveevie,,17.18
2024-08,1,0x4aacca72145e1df2aec137e1f3c5e3d75db8b5f3,0x85ba183fb4c16d435b076dde459dafc8eff864d8,0x85ba183fb4c16d435b076dde459dafc8eff864d8,arbilearn-aliveevie,,17.18
2024-09,2,0x68c802fe2deaf88ce097aecf87dffe99cc34a757,0x85ba183fb4c16d435b076dde459dafc8eff864d8,0x85ba183fb4c16d435b076dde459dafc8eff864d8,arbilearn-aliveevie,,17.18
2024-08,1,0x6dc1d6b864e8bef815806f9e4677123496e12026,0x85ba183fb4c16d435b076dde459dafc8eff864d8,0x85ba183fb4c16d435b076dde459dafc8eff864d8,arbilearn-aliveevie,,17.18
2024-04,1,0x31fe56609c65cd0c510e7125f051d440424d38f3,0xf57c45f94208a17d17f79a624c73f72a792e3640,0x31fe56609c65cd0c510e7125f051d440424d38f3,umbra-scopelift,,
2024-06,1,0x31fe56609c65cd0c510e7125f051d440424d38f3,0x59ae215a01115bc7add8e0817c1936fbf28357e5,0x31fe56609c65cd0c510e7125f051d440424d38f3,umbra-scopelift,,
2024-08,1,0x67d4c22867d62c6b5080d9295d4aa44811496074,0xa323b49fe61742527d081ecf8d5fe396515a3bfe,0xa323b49fe61742527d081ecf8d5fe396515a3bfe,coindlabs,,
2024-08,3,0xef4fb24ad0916217251f553c0596f8edc630eb66,0xa323b49fe61742527d081ecf8d5fe396515a3bfe,0xa323b49fe61742527d081ecf8d5fe396515a3bfe,coindlabs,,
2024-09,1,0xe8d88dc4e3f13046e778253bf4d82da8230c0813,0xa323b49fe61742527d081ecf8d5fe396515a3bfe,0xa323b49fe61742527d081ecf8d5fe396515a3bfe,coindlabs,0,
2024-08,2,0x1133ea7af70876e64665ecd07c0a0476d09465a1,0x85ba183fb4c16d435b076dde459dafc8eff864d8,0x85ba183fb4c16d435b076dde459dafc8eff864d8,arbilearn-aliveevie,,17.18
2024-07,1,0x1133ea7af70876e64665ecd07c0a0476d09465a1,0x85ba183fb4c16d435b076dde459dafc8eff864d8,0x85ba183fb4c16d435b076dde459dafc8eff864d8,arbilearn-aliveevie,,17.18
2024-08,6,0xaf88d065e77c8cc2239327c5edb3a432268e5831,0xa323b49fe61742527d081ecf8d5fe396515a3bfe,0xa323b49fe61742527d081ecf8d5fe396515a3bfe,coindlabs,,
2024-09,1,0xaf88d065e77c8cc2239327c5edb3a432268e5831,0x85ba183fb4c16d435b076dde459dafc8eff864d8,0x85ba183fb4c16d435b076dde459dafc8eff864d8,arbilearn-aliveevie,,17.18
2024-08,1,0x500430da131e85e157a56dd2c38ce343b61ee1f9,0xa323b49fe61742527d081ecf8d5fe396515a3bfe,0xa323b49fe61742527d081ecf8d5fe396515a3bfe,coindlabs,,
2024-05,1,0xfb2dc580eed955b528407b4d36ffafe3da685401,0x522f55bb846463906ad7c375dc723e385a8b5aeb,0xfb2dc580eed955b528407b4d36ffafe3da685401,umbra-scopelift,,
2024-04,2,0xfb2dc580eed955b528407b4d36ffafe3da685401,0xa91879510e32e52b054640c62881f21df56fa955,0xfb2dc580eed955b528407b4d36ffafe3da685401,umbra-scopelift,,13.31
2024-07,1,0xfb2dc580eed955b528407b4d36ffafe3da685401,0x090c2c21991658b6fc3c6b2d8339149b03463820,0xfb2dc580eed955b528407b4d36ffafe3da685401,umbra-scopelift,,2.149
2024-04,1,0xfb2dc580eed955b528407b4d36ffafe3da685401,0xa92299be6ded0a68bf563e148d8b7df09a6fd383,0xfb2dc580eed955b528407b4d36ffafe3da685401,umbra-scopelift,,4.856
2024-05,1,0xfb2dc580eed955b528407b4d36ffafe3da685401,0x5d42d56c1897dcdb00de42b72434a2ec0d2eb50e,0xfb2dc580eed955b528407b4d36ffafe3da685401,umbra-scopelift,,
2024-06,1,0xfb2dc580eed955b528407b4d36ffafe3da685401,0xaa4dd448b96008293c9f5ec70aa8026a66c6f5d8,0xfb2dc580eed955b528407b4d36ffafe3da685401,umbra-scopelift,,
2024-07,1,0xfb2dc580eed955b528407b4d36ffafe3da685401,0xf19495487cea1a6f4bbe160dfc65935168ae8d6e,0xfb2dc580eed955b528407b4d36ffafe3da685401,umbra-scopelift,,
2024-08,2,0xfb2dc580eed955b528407b4d36ffafe3da685401,0x77e79bcfa8c36e8b9adb648d47c8d17a8e980b5f,0xfb2dc580eed955b528407b4d36ffafe3da685401,umbra-scopelift,,
2024-05,1,0xfb2dc580eed955b528407b4d36ffafe3da685401,0x3f2fa1c1255c1fe5836e1f5347e1f075afa4fa15,0xfb2dc580eed955b528407b4d36ffafe3da685401,umbra-scopelift,,
2024-06,1,0xfb2dc580eed955b528407b4d36ffafe3da685401,0xccab75fade3226ac7b44d19b54a412c63533c5e9,0xfb2dc580eed955b528407b4d36ffafe3da685401,umbra-scopelift,,
2024-07,1,0xfb2dc580eed955b528407b4d36ffafe3da685401,0x7163858a9433ac8c08406e01163abf97c4984f56,0xfb2dc580eed955b528407b4d36ffafe3da685401,umbra-scopelift,,
2024-05,1,0xfb2dc580eed955b528407b4d36ffafe3da685401,0xa92299be6ded0a68bf563e148d8b7df09a6fd383,0xfb2dc580eed955b528407b4d36ffafe3da685401,umbra-scopelift,,4.856
2024-09,7,0x0af272c62e1e8ee47e9f83b90eed772a22ed8afc,0x0a37565e7244e3ad76dac69e3cb886ce4248f578,0x0af272c62e1e8ee47e9f83b90eed772a22ed8afc,cartographer-syndicate,,
2024-08,19,0x0af272c62e1e8ee47e9f83b90eed772a22ed8afc,0x0a37565e7244e3ad76dac69e3cb886ce4248f578,0x0af272c62e1e8ee47e9f83b90eed772a22ed8afc,cartographer-syndicate,,
2024-06,1,0x0af272c62e1e8ee47e9f83b90eed772a22ed8afc,0x0a37565e7244e3ad76dac69e3cb886ce4248f578,0x0af272c62e1e8ee47e9f83b90eed772a22ed8afc,cartographer-syndicate,,
2024-08,8,0x4fe3fc701504ac72bff774e42e78fb349607de56,0x264fec580e0a93755e93729e49ee84f7cd09d0e0,0x4fe3fc701504ac72bff774e42e78fb349607de56,duel3,,
2024-08,9,0x4fe3fc701504ac72bff774e42e78fb349607de56,0x7b6d789390e979eef34737e242a8ba8c93a6666c,0x4fe3fc701504ac72bff774e42e78fb349607de56,duel3,,
2024-06,1,0x31fe56609c65cd0c510e7125f051d440424d38f3,0xf19495487cea1a6f4bbe160dfc65935168ae8d6e,0x31fe56609c65cd0c510e7125f051d440424d38f3,umbra-scopelift,,
2024-08,1,0xa323b49fe61742527d081ecf8d5fe396515a3bfe,0x6d008b929dc297f29f63159dddde4acfbca6a309,0xa323b49fe61742527d081ecf8d5fe396515a3bfe,coindlabs,,
2024-04,1,0xfb2dc580eed955b528407b4d36ffafe3da685401,0x940dd5997fc73cdfb6ea38c71a912964d4f0f940,0xfb2dc580eed955b528407b4d36ffafe3da685401,umbra-scopelift,,5.87
2024-06,1,0xfb2dc580eed955b528407b4d36ffafe3da685401,0x6d1681a31f05d376c6167f88d9ebadbe96abccba,0xfb2dc580eed955b528407b4d36ffafe3da685401,umbra-scopelift,,
2024-05,1,0xfb2dc580eed955b528407b4d36ffafe3da685401,0xfa22835c72ece5586db3090a67606e656cf961a5,0xfb2dc580eed955b528407b4d36ffafe3da685401,umbra-scopelift,,
2024-04,2,0xfb2dc580eed955b528407b4d36ffafe3da685401,0xa53658480089752569958bbc59a9bb6cf8edbf64,0xfb2dc580eed955b528407b4d36ffafe3da685401,umbra-scopelift,,4.643
2024-06,1,0xfb2dc580eed955b528407b4d36ffafe3da685401,0x0cf4011199056e01028c616f1e5133645a0ef315,0xfb2dc580eed955b528407b4d36ffafe3da685401,umbra-scopelift,,
2024-08,1,0xfb2dc580eed955b528407b4d36ffafe3da685401,0xa0eebaeee6f298743e0a024f3e29bf18941bc93e,0xfb2dc580eed955b528407b4d36ffafe3da685401,umbra-scopelift,,
2024-09,2,0xfb2dc580eed955b528407b4d36ffafe3da685401,0xa0eebaeee6f298743e0a024f3e29bf18941bc93e,0xfb2dc580eed955b528407b4d36ffafe3da685401,umbra-scopelift,,
2024-04,1,0xfb2dc580eed955b528407b4d36ffafe3da685401,0xf41363f4cf17e570436a4531b56ca20f746ce36a,0xfb2dc580eed955b528407b4d36ffafe3da685401,umbra-scopelift,,
2024-05,1,0xfb2dc580eed955b528407b4d36ffafe3da685401,0xd7ad5c2d0cf8aeab4a9bc5bf967a14b002ef88a9,0xfb2dc580eed955b528407b4d36ffafe3da685401,umbra-scopelift,,4.856
2024-06,1,0xfb2dc580eed955b528407b4d36ffafe3da685401,0xec141660fc4b50131c0760ab4c60b25d190c88fc,0xfb2dc580eed955b528407b4d36ffafe3da685401,umbra-scopelift,,
2024-07,1,0xfb2dc580eed955b528407b4d36ffafe3da685401,0xda02ec427edd910cd3704bf3bbc0540781796673,0xfb2dc580eed955b528407b4d36ffafe3da685401,umbra-scopelift,,20.246
2024-04,1,0xfb2dc580eed955b528407b4d36ffafe3da685401,0x098912516d8be0d07cadf067f29fb39fcab66c34,0xfb2dc580eed955b528407b4d36ffafe3da685401,umbra-scopelift,,
2024-06,1,0xfb2dc580eed955b528407b4d36ffafe3da685401,0x6ed2248710aae479d561ed3ed21ebed9cb3685c5,0xfb2dc580eed955b528407b4d36ffafe3da685401,umbra-scopelift,,
2024-05,1,0x31fe56609c65cd0c510e7125f051d440424d38f3,0xb649e816ed726c02f5eea500bfec99b7db7d8e1a,0x31fe56609c65cd0c510e7125f051d440424d38f3,umbra-scopelift,,
2024-04,1,0x31fe56609c65cd0c510e7125f051d440424d38f3,0xf41363f4cf17e570436a4531b56ca20f746ce36a,0x31fe56609c65cd0c510e7125f051d440424d38f3,umbra-scopelift,,
2024-05,1,0x31fe56609c65cd0c510e7125f051d440424d38f3,0x23f41a8857f0e2274106fb0ae135f7764700c423,0x31fe56609c65cd0c510e7125f051d440424d38f3,umbra-scopelift,,
2024-07,2,0xfb2dc580eed955b528407b4d36ffafe3da685401,0xc9d5f17c18e171a4a9018f0d5ef7ce7baf8dab76,0xfb2dc580eed955b528407b4d36ffafe3da685401,umbra-scopelift,,7.203
2024-07,2,0xfb2dc580eed955b528407b4d36ffafe3da685401,0x61996def8ec9b01c972596efcce27ddf4a46f366,0xfb2dc580eed955b528407b4d36ffafe3da685401,umbra-scopelift,,3.598
2024-06,11,0xfb2dc580eed955b528407b4d36ffafe3da685401,0x8c6f5041d19650c40d800e483d7d1d07f4344178,0xfb2dc580eed955b528407b4d36ffafe3da685401,umbra-scopelift,,1.647
2024-07,2,0xfb2dc580eed955b528407b4d36ffafe3da685401,0x6a1a258088b721988b19097bd997bbb52e928ddc,0xfb2dc580eed955b528407b4d36ffafe3da685401,umbra-scopelift,,2.149
2024-07,1,0xfb2dc580eed955b528407b4d36ffafe3da685401,0x78b1fbb582164f12c684f8662a53f51f13cb98c4,0xfb2dc580eed955b528407b4d36ffafe3da685401,umbra-scopelift,,0
2024-04,1,0xfb2dc580eed955b528407b4d36ffafe3da685401,0x2c699ef53055766ee51974d081190318874d4672,0xfb2dc580eed955b528407b4d36ffafe3da685401,umbra-scopelift,,
2024-07,1,0xfb2dc580eed955b528407b4d36ffafe3da685401,0xc689718e5364d1ab496eb219e246fc87aefe240d,0xfb2dc580eed955b528407b4d36ffafe3da685401,umbra-scopelift,,
2024-06,1,0xfb2dc580eed955b528407b4d36ffafe3da685401,0xc522c5d0c5fa4b4707367d48b03548365c6d1dac,0xfb2dc580eed955b528407b4d36ffafe3da685401,umbra-scopelift,,
2024-08,1,0xfb2dc580eed955b528407b4d36ffafe3da685401,0x61996def8ec9b01c972596efcce27ddf4a46f366,0xfb2dc580eed955b528407b4d36ffafe3da685401,umbra-scopelift,,3.598
2024-08,1,0xfb2dc580eed955b528407b4d36ffafe3da685401,0x6a1a258088b721988b19097bd997bbb52e928ddc,0xfb2dc580eed955b528407b4d36ffafe3da685401,umbra-scopelift,,2.149
2024-06,1,0xfb2dc580eed955b528407b4d36ffafe3da685401,0x6faaa8f2a5db8ebb9300cf57e02d07ce678402da,0xfb2dc580eed955b528407b4d36ffafe3da685401,umbra-scopelift,,15.287
2024-08,1,0xfb2dc580eed955b528407b4d36ffafe3da685401,0x7b628a09b34528e4077296cb1a409e69ff27c1f2,0xfb2dc580eed955b528407b4d36ffafe3da685401,umbra-scopelift,,23.877
2024-06,1,0xfb2dc580eed955b528407b4d36ffafe3da685401,0x565241fd511003c3f154b1b03075d4aba628f51f,0xfb2dc580eed955b528407b4d36ffafe3da685401,umbra-scopelift,,
2024-05,1,0xfb2dc580eed955b528407b4d36ffafe3da685401,0x7b628a09b34528e4077296cb1a409e69ff27c1f2,0xfb2dc580eed955b528407b4d36ffafe3da685401,umbra-scopelift,,23.877
2024-04,1,0xfb2dc580eed955b528407b4d36ffafe3da685401,0x527fbb49abf233057b459ba637191026f4789b3e,0xfb2dc580eed955b528407b4d36ffafe3da685401,umbra-scopelift,,
2024-07,1,0xfb2dc580eed955b528407b4d36ffafe3da685401,0x7b628a09b34528e4077296cb1a409e69ff27c1f2,0xfb2dc580eed955b528407b4d36ffafe3da685401,umbra-scopelift,,23.877
2024-08,2,0x4aacca72145e1df2aec137e1f3c5e3d75db8b5f3,0x690669515543901a754d5339ebd174e1da2c009e,0x690669515543901a754d5339ebd174e1da2c009e,basket-swap-stylus-teeeeeo9,,
2024-08,1,0x6dc1d6b864e8bef815806f9e4677123496e12026,0x690669515543901a754d5339ebd174e1da2c009e,0x690669515543901a754d5339ebd174e1da2c009e,basket-swap-stylus-teeeeeo9,,
2024-04,1,0x31fe56609c65cd0c510e7125f051d440424d38f3,0x19acb8edc1972c9b120ea8f6bc976d20dc24d180,0x31fe56609c65cd0c510e7125f051d440424d38f3,umbra-scopelift,,
2024-06,1,0x31fe56609c65cd0c510e7125f051d440424d38f3,0x6faaa8f2a5db8ebb9300cf57e02d07ce678402da,0x31fe56609c65cd0c510e7125f051d440424d38f3,umbra-scopelift,,15.287
2024-05,1,0x31fe56609c65cd0c510e7125f051d440424d38f3,0x335e4962a47fa6a6c6d58ee6daa1bd6681489bad,0x31fe56609c65cd0c510e7125f051d440424d38f3,umbra-scopelift,,
2024-04,1,0x31fe56609c65cd0c510e7125f051d440424d38f3,0x527fbb49abf233057b459ba637191026f4789b3e,0x31fe56609c65cd0c510e7125f051d440424d38f3,umbra-scopelift,,
2024-05,1,0x31fe56609c65cd0c510e7125f051d440424d38f3,0xa8946a3ea07d12051d434305303107732d9e2ec3,0x31fe56609c65cd0c510e7125f051d440424d38f3,umbra-scopelift,,
2024-08,1,0x1133ea7af70876e64665ecd07c0a0476d09465a1,0x690669515543901a754d5339ebd174e1da2c009e,0x690669515543901a754d5339ebd174e1da2c009e,basket-swap-stylus-teeeeeo9,,
2024-05,1,0xfb2dc580eed955b528407b4d36ffafe3da685401,0x590502df5e878ade368338d1dc26c5d56d4fd360,0xfb2dc580eed955b528407b4d36ffafe3da685401,umbra-scopelift,,
2024-04,1,0xfb2dc580eed955b528407b4d36ffafe3da685401,0xe019234997b85b46df9325386794d269565bb806,0xfb2dc580eed955b528407b4d36ffafe3da685401,umbra-scopelift,,5.691
2024-08,1,0xfb2dc580eed955b528407b4d36ffafe3da685401,0xe019234997b85b46df9325386794d269565bb806,0xfb2dc580eed955b528407b4d36ffafe3da685401,umbra-scopelift,,5.691
2024-05,1,0xfb2dc580eed955b528407b4d36ffafe3da685401,0xada74bb6c932d4a29d9c2755fb112744a1896545,0xfb2dc580eed955b528407b4d36ffafe3da685401,umbra-scopelift,,
2024-04,1,0xfb2dc580eed955b528407b4d36ffafe3da685401,0x799e6e98b38476610e3cbfcc5a5e12865928c16b,0xfb2dc580eed955b528407b4d36ffafe3da685401,umbra-scopelift,,
2024-04,1,0xfb2dc580eed955b528407b4d36ffafe3da685401,0x1073e20036110cb07ae3b67484b2e857813d2207,0xfb2dc580eed955b528407b4d36ffafe3da685401,umbra-scopelift,,
2024-04,1,0xfb2dc580eed955b528407b4d36ffafe3da685401,0x443941bacb0ba805df7699aeb460fd1b96f53b31,0xfb2dc580eed955b528407b4d36ffafe3da685401,umbra-scopelift,,3.07
2024-05,1,0xfb2dc580eed955b528407b4d36ffafe3da685401,0xab45462cf833742244cc263b44dd92cd90153a23,0xfb2dc580eed955b528407b4d36ffafe3da685401,umbra-scopelift,,
2024-04,1,0xfb2dc580eed955b528407b4d36ffafe3da685401,0xbc3dbaca9e8a48b7c6f9b44f17c9c38312192c06,0xfb2dc580eed955b528407b4d36ffafe3da685401,umbra-scopelift,,
2024-06,4,0xdbd0f5ebada6632dde7d47713ea200a7c2ff91eb,0x9c2fd95e1b8bd9be5612700b0b29c893fea417e1,0xdbd0f5ebada6632dde7d47713ea200a7c2ff91eb,umbra-scopelift,,29.256
2024-08,8,0x4fe3fc701504ac72bff774e42e78fb349607de56,0x8e6f26014c2135319e934366d68a39eadcc66888,0x4fe3fc701504ac72bff774e42e78fb349607de56,duel3,,
2024-05,1,0x31fe56609c65cd0c510e7125f051d440424d38f3,0x0cc10e81a1d43010493699081444ce57d2ed4f30,0x31fe56609c65cd0c510e7125f051d440424d38f3,umbra-scopelift,,2.073
2024-08,5,0x31fe56609c65cd0c510e7125f051d440424d38f3,0x0ab933f860b21d839640553f5ec596150cfd5c77,0x31fe56609c65cd0c510e7125f051d440424d38f3,umbra-scopelift,,
2024-04,1,0x31fe56609c65cd0c510e7125f051d440424d38f3,0x0ab933f860b21d839640553f5ec596150cfd5c77,0x31fe56609c65cd0c510e7125f051d440424d38f3,umbra-scopelift,,
2024-05,1,0x31fe56609c65cd0c510e7125f051d440424d38f3,0x590502df5e878ade368338d1dc26c5d56d4fd360,0x31fe56609c65cd0c510e7125f051d440424d38f3,umbra-scopelift,,
2024-08,1,0x4976e41e2f43169b9a4330805aa1e004840fd69a,0x4452fb36ba1085e84e2d9d3485ccccc240febf72,0x4976e41e2f43169b9a4330805aa1e004840fd69a,stogramhq,,
2024-06,1,0xfb2dc580eed955b528407b4d36ffafe3da685401,0x69aea131aa2c758e65affb07adac06a9d42d42ff,0xfb2dc580eed955b528407b4d36ffafe3da685401,umbra-scopelift,,20.979
2024-07,3,0xfb2dc580eed955b528407b4d36ffafe3da685401,0x7e93b4f233be610828306fc75dccca1b8d70a9c2,0xfb2dc580eed955b528407b4d36ffafe3da685401,umbra-scopelift,,20.893
2024-04,1,0xfb2dc580eed955b528407b4d36ffafe3da685401,0x7eb6f74819f46980bd8733b46ea3af031d6b76fd,0xfb2dc580eed955b528407b4d36ffafe3da685401,umbra-scopelift,,
2024-06,1,0xfb2dc580eed955b528407b4d36ffafe3da685401,0x97c89bcfdf1c678d37c203af90d1f4f98e0d8718,0xfb2dc580eed955b528407b4d36ffafe3da685401,umbra-scopelift,,14.357
2024-04,1,0xfb2dc580eed955b528407b4d36ffafe3da685401,0x2c47188c51f12c7fe4f992433aba9aafc377e4c5,0xfb2dc580eed955b528407b4d36ffafe3da685401,umbra-scopelift,,
2024-08,1,0xfb2dc580eed955b528407b4d36ffafe3da685401,0x7e93b4f233be610828306fc75dccca1b8d70a9c2,0xfb2dc580eed955b528407b4d36ffafe3da685401,umbra-scopelift,,20.893
2024-05,2,0xfb2dc580eed955b528407b4d36ffafe3da685401,0x35c3f90c1e78bfdab55b13e51efe4011b8201ef6,0xfb2dc580eed955b528407b4d36ffafe3da685401,umbra-scopelift,,3.946
2024-06,1,0xfb2dc580eed955b528407b4d36ffafe3da685401,0xb934bde304ed54032cc2f47ef52e336d7ed263e0,0xfb2dc580eed955b528407b4d36ffafe3da685401,umbra-scopelift,,
2024-08,1,0xfb2dc580eed955b528407b4d36ffafe3da685401,0x089db30e7330810ed454e3f72b3b01fb3f04f52d,0xfb2dc580eed955b528407b4d36ffafe3da685401,umbra-scopelift,,
2024-04,1,0xfb2dc580eed955b528407b4d36ffafe3da685401,0xbd1dfab0f102d4beeb1f2518abbe16a5e14b942f,0xfb2dc580eed955b528407b4d36ffafe3da685401,umbra-scopelift,,
2024-04,2,0xfb2dc580eed955b528407b4d36ffafe3da685401,0x052e94b3ca0d04e8b8c46b1988cbdc3017cb8b82,0xfb2dc580eed955b528407b4d36ffafe3da685401,umbra-scopelift,,
2024-06,1,0xfb2dc580eed955b528407b4d36ffafe3da685401,0xc687bf76e0856568d80c0ff3cd2b684d6e06644d,0xfb2dc580eed955b528407b4d36ffafe3da685401,umbra-scopelift,,
2024-04,1,0xfb2dc580eed955b528407b4d36ffafe3da685401,0x9124423d1af5e3785bae1a2ef752e92257666cd8,0xfb2dc580eed955b528407b4d36ffafe3da685401,umbra-scopelift,,
2024-04,1,0xfb2dc580eed955b528407b4d36ffafe3da685401,0x7e93b4f233be610828306fc75dccca1b8d70a9c2,0xfb2dc580eed955b528407b4d36ffafe3da685401,umbra-scopelift,,20.893
2024-04,1,0xfb2dc580eed955b528407b4d36ffafe3da685401,0x51de751daa7a7b6f25390b68df6815389f764488,0xfb2dc580eed955b528407b4d36ffafe3da685401,umbra-scopelift,,3.626
2024-04,1,0xfb2dc580eed955b528407b4d36ffafe3da685401,0xbe0ac3b3dbcea3a49c3af73fe9093a06782ea869,0xfb2dc580eed955b528407b4d36ffafe3da685401,umbra-scopelift,,
2024-05,1,0xfb2dc580eed955b528407b4d36ffafe3da685401,0x7e93b4f233be610828306fc75dccca1b8d70a9c2,0xfb2dc580eed955b528407b4d36ffafe3da685401,umbra-scopelift,,20.893
2024-08,1,0xfb2dc580eed955b528407b4d36ffafe3da685401,0x2f34357f99703df7a249b4d300c4b8d79d277cb4,0xfb2dc580eed955b528407b4d36ffafe3da685401,umbra-scopelift,,1.122
2024-06,1,0xfb2dc580eed955b528407b4d36ffafe3da685401,0x0881ee19bdf7fd6a76713511cf39df9b221b7718,0xfb2dc580eed955b528407b4d36ffafe3da685401,umbra-scopelift,,
2024-07,1,0xfb2dc580eed955b528407b4d36ffafe3da685401,0x67c06025e29cf5d9815a2d5aa35668412b3b1554,0xfb2dc580eed955b528407b4d36ffafe3da685401,umbra-scopelift,,
2024-09,1,0x13257e783dc8ded7e227a28edb0428c42d31202e,0x50ae8f6ba2b368902daede6283195ee4fed7637a,0x13257e783dc8ded7e227a28edb0428c42d31202e,kairosresearch,,4.937
2024-06,1,0x966a4b9d5d2e01799170a0865c2d1cbbc1904163,0x0d8942c57abec69339b56bb9b123e32f5bdf5077,0x966a4b9d5d2e01799170a0865c2d1cbbc1904163,lexdao,,
2024-06,1,0x31fe56609c65cd0c510e7125f051d440424d38f3,0x67c06025e29cf5d9815a2d5aa35668412b3b1554,0x31fe56609c65cd0c510e7125f051d440424d38f3,umbra-scopelift,,
2024-04,1,0x31fe56609c65cd0c510e7125f051d440424d38f3,0x7eb6f74819f46980bd8733b46ea3af031d6b76fd,0x31fe56609c65cd0c510e7125f051d440424d38f3,umbra-scopelift,,
2024-04,1,0x31fe56609c65cd0c510e7125f051d440424d38f3,0xbe0ac3b3dbcea3a49c3af73fe9093a06782ea869,0x31fe56609c65cd0c510e7125f051d440424d38f3,umbra-scopelift,,
2024-06,1,0x31fe56609c65cd0c510e7125f051d440424d38f3,0xdff2266ed82925d6cca3f88166f6ed6514c94d77,0x31fe56609c65cd0c510e7125f051d440424d38f3,umbra-scopelift,,
2024-06,1,0x31fe56609c65cd0c510e7125f051d440424d38f3,0x97c89bcfdf1c678d37c203af90d1f4f98e0d8718,0x31fe56609c65cd0c510e7125f051d440424d38f3,umbra-scopelift,,14.357
2024-08,1,0x31fe56609c65cd0c510e7125f051d440424d38f3,0x089db30e7330810ed454e3f72b3b01fb3f04f52d,0x31fe56609c65cd0c510e7125f051d440424d38f3,umbra-scopelift,,
2024-08,1,0x31fe56609c65cd0c510e7125f051d440424d38f3,0x2f34357f99703df7a249b4d300c4b8d79d277cb4,0x31fe56609c65cd0c510e7125f051d440424d38f3,umbra-scopelift,,1.122
2024-06,1,0xfb2dc580eed955b528407b4d36ffafe3da685401,0x05eaabcd51d762bf875c487ee5410c9b323ed6fb,0xfb2dc580eed955b528407b4d36ffafe3da685401,umbra-scopelift,,
2024-07,1,0xfb2dc580eed955b528407b4d36ffafe3da685401,0x57a5575ee14aed1668d6f98fdc51ed71f43cd867,0xfb2dc580eed955b528407b4d36ffafe3da685401,umbra-scopelift,,
2024-04,1,0xfb2dc580eed955b528407b4d36ffafe3da685401,0x1a79911b4387d9b5dc19af770c093a70f9e66e40,0xfb2dc580eed955b528407b4d36ffafe3da685401,umbra-scopelift,,4.12
2024-05,1,0xfb2dc580eed955b528407b4d36ffafe3da685401,0x0dc88580f74dbdc52fccef68e0a50831668593dd,0xfb2dc580eed955b528407b4d36ffafe3da685401,umbra-scopelift,,
2024-06,1,0xfb2dc580eed955b528407b4d36ffafe3da685401,0x0dc88580f74dbdc52fccef68e0a50831668593dd,0xfb2dc580eed955b528407b4d36ffafe3da685401,umbra-scopelift,,
2024-06,1,0xfb2dc580eed955b528407b4d36ffafe3da685401,0x42535680a79bdad0c2ca24210de71bc52b84fd7d,0xfb2dc580eed955b528407b4d36ffafe3da685401,umbra-scopelift,,
2024-06,1,0xfb2dc580eed955b528407b4d36ffafe3da685401,0x0b9094b011c179345840d1ce9f2af46ed037df20,0xfb2dc580eed955b528407b4d36ffafe3da685401,umbra-scopelift,,
2024-05,1,0xfb2dc580eed955b528407b4d36ffafe3da685401,0x05eaabcd51d762bf875c487ee5410c9b323ed6fb,0xfb2dc580eed955b528407b4d36ffafe3da685401,umbra-scopelift,,
2024-04,1,0xfb2dc580eed955b528407b4d36ffafe3da685401,0xfacb6c602f93499815547d08440e53d9ff7a0cf3,0xfb2dc580eed955b528407b4d36ffafe3da685401,umbra-scopelift,,0.525
2024-05,1,0xfb2dc580eed955b528407b4d36ffafe3da685401,0xcac35070aad2897356ea84ac98527ce172d1553f,0xfb2dc580eed955b528407b4d36ffafe3da685401,umbra-scopelift,,
2024-04,1,0xfb2dc580eed955b528407b4d36ffafe3da685401,0x61b78c112da8cf02144a33e4adb840b15bf87456,0xfb2dc580eed955b528407b4d36ffafe3da685401,umbra-scopelift,,
2024-04,1,0xfb2dc580eed955b528407b4d36ffafe3da685401,0x6aff47c8aebb37e6db2b5827c4ba4d029005f1e4,0xfb2dc580eed955b528407b4d36ffafe3da685401,umbra-scopelift,,3.07
2024-06,1,0x31fe56609c65cd0c510e7125f051d440424d38f3,0x1f85815b1680dd56c02362372db4c4703632627a,0x31fe56609c65cd0c510e7125f051d440424d38f3,umbra-scopelift,,
2024-07,1,0x31fe56609c65cd0c510e7125f051d440424d38f3,0xa93953696213a69cf444f4b4ea1990265ebbe545,0x31fe56609c65cd0c510e7125f051d440424d38f3,umbra-scopelift,,
2024-04,1,0x31fe56609c65cd0c510e7125f051d440424d38f3,0x9cd4cee6a74f4e2198ead64e1f11f8aac4b80da5,0x31fe56609c65cd0c510e7125f051d440424d38f3,umbra-scopelift,,
2024-07,1,0x31fe56609c65cd0c510e7125f051d440424d38f3,0xc6765aefb83af1d6e254178dcab4349b8fed7fa9,0x31fe56609c65cd0c510e7125f051d440424d38f3,umbra-scopelift,,
2024-04,1,0x31fe56609c65cd0c510e7125f051d440424d38f3,0x6aff47c8aebb37e6db2b5827c4ba4d029005f1e4,0x31fe56609c65cd0c510e7125f051d440424d38f3,umbra-scopelift,,3.07
2024-08,1,0x6d465d2081b799770d0ce7e755d8db1665903ffb,0x5e809a85aa182a9921edd10a4163745bb3e36284,0x6d465d2081b799770d0ce7e755d8db1665903ffb,kairosresearch,37.53,
2024-08,1,0x1bbfc95b826693bf17665f36a66ac9c389b7e581,0x837667c7c5cb49609ed5bfa5d3b2f1bbae81d8ba,0x1bbfc95b826693bf17665f36a66ac9c389b7e581,glo-foundation,,36.685
2024-05,2,0x6d465d2081b799770d0ce7e755d8db1665903ffb,0x5e809a85aa182a9921edd10a4163745bb3e36284,0x6d465d2081b799770d0ce7e755d8db1665903ffb,kairosresearch,37.53,
2024-04,1,0x6d465d2081b799770d0ce7e755d8db1665903ffb,0x5e809a85aa182a9921edd10a4163745bb3e36284,0x6d465d2081b799770d0ce7e755d8db1665903ffb,kairosresearch,37.53,
2024-06,1,0xd4ac6c14b4c96f7e66049210f56cb07468028d4e,0xdd4b0803d8cea3095b8d4dfc0c753a1fdee945b1,0xd4ac6c14b4c96f7e66049210f56cb07468028d4e,refimedellin,,50.632
2024-08,1,0xd4ac6c14b4c96f7e66049210f56cb07468028d4e,0x837667c7c5cb49609ed5bfa5d3b2f1bbae81d8ba,0xd4ac6c14b4c96f7e66049210f56cb07468028d4e,refimedellin,,36.685
2024-08,1,0x6cc567128e8cae88dbe162e712cd0985d78b0f33,0x837667c7c5cb49609ed5bfa5d3b2f1bbae81d8ba,0x6cc567128e8cae88dbe162e712cd0985d78b0f33,ethdailyhub,,36.685
2024-04,1,0xfb2dc580eed955b528407b4d36ffafe3da685401,0x5ffb793ca85f14e84270966435b87bee6811c208,0xfb2dc580eed955b528407b4d36ffafe3da685401,umbra-scopelift,,
2024-04,1,0xfb2dc580eed955b528407b4d36ffafe3da685401,0x38838fba0975d3364c72da797039731b2f150999,0xfb2dc580eed955b528407b4d36ffafe3da685401,umbra-scopelift,,
2024-06,1,0xfb2dc580eed955b528407b4d36ffafe3da685401,0xd01cf4b6b8f7ac2564821ed31a810afbd761e53f,0xfb2dc580eed955b528407b4d36ffafe3da685401,umbra-scopelift,,12.579
2024-04,1,0xfb2dc580eed955b528407b4d36ffafe3da685401,0x86d4c8b83f9b013379944abf85046915bbcd22f6,0xfb2dc580eed955b528407b4d36ffafe3da685401,umbra-scopelift,,2.997
2024-07,2,0xfb2dc580eed955b528407b4d36ffafe3da685401,0x193457952177c192780c525b32985b4a4caa6d55,0xfb2dc580eed955b528407b4d36ffafe3da685401,umbra-scopelift,,3.19
2024-06,1,0xfb2dc580eed955b528407b4d36ffafe3da685401,0x58c457f194602f600fac53a29e839c1a6fcbd77b,0xfb2dc580eed955b528407b4d36ffafe3da685401,umbra-scopelift,,
2024-04,1,0xfb2dc580eed955b528407b4d36ffafe3da685401,0x288397f74c7a36f57f389f30781c84a1cd7e25f0,0xfb2dc580eed955b528407b4d36ffafe3da685401,umbra-scopelift,,10.751
2024-04,2,0xfb2dc580eed955b528407b4d36ffafe3da685401,0x193457952177c192780c525b32985b4a4caa6d55,0xfb2dc580eed955b528407b4d36ffafe3da685401,umbra-scopelift,,3.19
2024-08,1,0xfb2dc580eed955b528407b4d36ffafe3da685401,0x193457952177c192780c525b32985b4a4caa6d55,0xfb2dc580eed955b528407b4d36ffafe3da685401,umbra-scopelift,,3.19
2024-06,1,0x96cd565aaab2e55ffe4bb9bf64cd234a96c7ff45,0xf92402bb795fd7cd08fb83839689db79099c8c9c,0x96cd565aaab2e55ffe4bb9bf64cd234a96c7ff45,theforus,,
2024-05,1,0xdbd0f5ebada6632dde7d47713ea200a7c2ff91eb,0x288397f74c7a36f57f389f30781c84a1cd7e25f0,0xdbd0f5ebada6632dde7d47713ea200a7c2ff91eb,umbra-scopelift,,10.751
2024-04,1,0x31fe56609c65cd0c510e7125f051d440424d38f3,0x5f92c74f14178bb407062545dd3f7e21ced841d2,0x31fe56609c65cd0c510e7125f051d440424d38f3,umbra-scopelift,,
2024-06,1,0xfb02b84969455b84380dbc6efc44a2e0066fe004,0x2c3b2b2325610a6814f2f822d0bf4dab8cf16e16,0xfb02b84969455b84380dbc6efc44a2e0066fe004,decentralized-library-gifted-brain-lab,,12.646
2024-06,1,0xd4ac6c14b4c96f7e66049210f56cb07468028d4e,0x5881d9bfff787c8655a9b7f3484ae1a6f7a966e8,0xd4ac6c14b4c96f7e66049210f56cb07468028d4e,refimedellin,,38.136
2024-05,8,0xfb2dc580eed955b528407b4d36ffafe3da685401,0x29b49c346aace6fa03943cfa631e501556e62196,0xfb2dc580eed955b528407b4d36ffafe3da685401,umbra-scopelift,,
2024-05,1,0xfb2dc580eed955b528407b4d36ffafe3da685401,0x6ef0f7dfb0b030ea570dc54183a7aa9a605c3b2f,0xfb2dc580eed955b528407b4d36ffafe3da685401,umbra-scopelift,,
2024-05,1,0xfb2dc580eed955b528407b4d36ffafe3da685401,0x2d5b45649ac8d5e050c4cab1a8fa874ce0f34c4b,0xfb2dc580eed955b528407b4d36ffafe3da685401,umbra-scopelift,,31.943
2024-09,1,0xfb2dc580eed955b528407b4d36ffafe3da685401,0x6ef0f7dfb0b030ea570dc54183a7aa9a605c3b2f,0xfb2dc580eed955b528407b4d36ffafe3da685401,umbra-scopelift,,
2024-07,2,0xfb2dc580eed955b528407b4d36ffafe3da685401,0x6a436f1f2204c828b4e2cca06e7b52cd622deb7a,0xfb2dc580eed955b528407b4d36ffafe3da685401,umbra-scopelift,,6.188
2024-06,3,0xfb2dc580eed955b528407b4d36ffafe3da685401,0x2df6092312e849240f2a17b000451d24bac72ab8,0xfb2dc580eed955b528407b4d36ffafe3da685401,umbra-scopelift,,
2024-06,1,0xfb2dc580eed955b528407b4d36ffafe3da685401,0x920e9f2fd548459bfca8e66c98753f554b726222,0xfb2dc580eed955b528407b4d36ffafe3da685401,umbra-scopelift,,
2024-04,1,0xfb2dc580eed955b528407b4d36ffafe3da685401,0x5aa118f0dcae33e0048d05ecad11ec1a0ff81454,0xfb2dc580eed955b528407b4d36ffafe3da685401,umbra-scopelift,,
2024-08,1,0xfb2dc580eed955b528407b4d36ffafe3da685401,0xa5bad349026eb38b3f42e0f83daddd619c4bebfd,0xfb2dc580eed955b528407b4d36ffafe3da685401,umbra-scopelift,,
2024-07,1,0xfb2dc580eed955b528407b4d36ffafe3da685401,0x35ac7ca689e419bfa3739a4c7fb18303fdb5a8cc,0xfb2dc580eed955b528407b4d36ffafe3da685401,umbra-scopelift,,
2024-06,1,0xfb2dc580eed955b528407b4d36ffafe3da685401,0x6a436f1f2204c828b4e2cca06e7b52cd622deb7a,0xfb2dc580eed955b528407b4d36ffafe3da685401,umbra-scopelift,,6.188
2024-05,1,0xfb2dc580eed955b528407b4d36ffafe3da685401,0x6a436f1f2204c828b4e2cca06e7b52cd622deb7a,0xfb2dc580eed955b528407b4d36ffafe3da685401,umbra-scopelift,,6.188
2024-04,1,0xfb2dc580eed955b528407b4d36ffafe3da685401,0xe05f70da806e9589241abce741c484bc465d1152,0xfb2dc580eed955b528407b4d36ffafe3da685401,umbra-scopelift,,
2024-09,1,0xfb2dc580eed955b528407b4d36ffafe3da685401,0xa5bad349026eb38b3f42e0f83daddd619c4bebfd,0xfb2dc580eed955b528407b4d36ffafe3da685401,umbra-scopelift,,
2024-04,1,0xfb2dc580eed955b528407b4d36ffafe3da685401,0x7a0002a20b832e2b03da218853bad9791b800efb,0xfb2dc580eed955b528407b4d36ffafe3da685401,umbra-scopelift,,
2024-08,2,0xfb2dc580eed955b528407b4d36ffafe3da685401,0x6a436f1f2204c828b4e2cca06e7b52cd622deb7a,0xfb2dc580eed955b528407b4d36ffafe3da685401,umbra-scopelift,,6.188
2024-07,1,0xfb2dc580eed955b528407b4d36ffafe3da685401,0xfe2f400508df9ce707d95869792cbba7f3b8ae43,0xfb2dc580eed955b528407b4d36ffafe3da685401,umbra-scopelift,,16.917
2024-04,1,0xfb2dc580eed955b528407b4d36ffafe3da685401,0x9d4e7c74072a7d9a2a127c68c9ae173526d96006,0xfb2dc580eed955b528407b4d36ffafe3da685401,umbra-scopelift,,
2024-04,1,0xfb2dc580eed955b528407b4d36ffafe3da685401,0x0868aa4781e6abf38e9e7b441d231e08b8d4fb87,0xfb2dc580eed955b528407b4d36ffafe3da685401,umbra-scopelift,,
2024-08,1,0xfb2dc580eed955b528407b4d36ffafe3da685401,0x20956e19166b0093de6e95301c0a11449dfd906c,0xfb2dc580eed955b528407b4d36ffafe3da685401,umbra-scopelift,,
2024-07,1,0xfb2dc580eed955b528407b4d36ffafe3da685401,0xf23b3cc3776ecb9c2242918bcb5ea2328cda7e8f,0xfb2dc580eed955b528407b4d36ffafe3da685401,umbra-scopelift,,32.887
2024-05,1,0xfb2dc580eed955b528407b4d36ffafe3da685401,0x862b5d7ab84dfcfbd14c9bebb46a5617ecffbe6f,0xfb2dc580eed955b528407b4d36ffafe3da685401,umbra-scopelift,,5.039
2024-05,1,0xfb2dc580eed955b528407b4d36ffafe3da685401,0x920e9f2fd548459bfca8e66c98753f554b726222,0xfb2dc580eed955b528407b4d36ffafe3da685401,umbra-scopelift,,
2024-08,9,0x4fe3fc701504ac72bff774e42e78fb349607de56,0x918fae5da5fe44f4a37094b9aade3798331942b4,0x4fe3fc701504ac72bff774e42e78fb349607de56,duel3,,
2024-08,10,0x4fe3fc701504ac72bff774e42e78fb349607de56,0x4f259d60773cc264e5fa08857ab85bdc902b0361,0x4fe3fc701504ac72bff774e42e78fb349607de56,duel3,,
2024-05,1,0x31fe56609c65cd0c510e7125f051d440424d38f3,0xf23b3cc3776ecb9c2242918bcb5ea2328cda7e8f,0x31fe56609c65cd0c510e7125f051d440424d38f3,umbra-scopelift,,32.887
2024-06,1,0x31fe56609c65cd0c510e7125f051d440424d38f3,0x2df6092312e849240f2a17b000451d24bac72ab8,0x31fe56609c65cd0c510e7125f051d440424d38f3,umbra-scopelift,,
2024-04,1,0x31fe56609c65cd0c510e7125f051d440424d38f3,0x9d4e7c74072a7d9a2a127c68c9ae173526d96006,0x31fe56609c65cd0c510e7125f051d440424d38f3,umbra-scopelift,,
2024-04,1,0x31fe56609c65cd0c510e7125f051d440424d38f3,0x2d5b45649ac8d5e050c4cab1a8fa874ce0f34c4b,0x31fe56609c65cd0c510e7125f051d440424d38f3,umbra-scopelift,,31.943
2024-06,2,0xcaa93caefaeefd852947581b4b35cf1ea52585fc,0x75b4d9dab72045b953e9ae8dd648996f77802847,0xcaa93caefaeefd852947581b4b35cf1ea52585fc,astralprotocol,,
2024-04,1,0xfb2dc580eed955b528407b4d36ffafe3da685401,0x16736983e14eed88447ed8bb01df84a6e8364ba3,0xfb2dc580eed955b528407b4d36ffafe3da685401,umbra-scopelift,,
2024-04,1,0xfb2dc580eed955b528407b4d36ffafe3da685401,0x45927415cd6377610b8cb3e543c437b7f16986c5,0xfb2dc580eed955b528407b4d36ffafe3da685401,umbra-scopelift,,20.246
2024-05,1,0xfb2dc580eed955b528407b4d36ffafe3da685401,0xd77d7dad9a33997f841371b18193c7ea8667a206,0xfb2dc580eed955b528407b4d36ffafe3da685401,umbra-scopelift,,
2024-07,1,0xfb2dc580eed955b528407b4d36ffafe3da685401,0x39cfcd7ddf7903a17f4d77a0410f9b4da7f6c083,0xfb2dc580eed955b528407b4d36ffafe3da685401,umbra-scopelift,,20.253
2024-04,1,0xfb2dc580eed955b528407b4d36ffafe3da685401,0x4a93b082eb76eac81d993b800dfaef50bd74b33b,0xfb2dc580eed955b528407b4d36ffafe3da685401,umbra-scopelift,,
2024-06,1,0xfb2dc580eed955b528407b4d36ffafe3da685401,0x74ab17543e1d80048976c128db3ba76f4d3e36d4,0xfb2dc580eed955b528407b4d36ffafe3da685401,umbra-scopelift,,
2024-04,1,0xfb2dc580eed955b528407b4d36ffafe3da685401,0x32f58f81748412a953b130fba1b4e45787d9007e,0xfb2dc580eed955b528407b4d36ffafe3da685401,umbra-scopelift,,
2024-06,1,0xfb2dc580eed955b528407b4d36ffafe3da685401,0x594baf1cafc92b0281596b7ed1ca4f45fcc45438,0xfb2dc580eed955b528407b4d36ffafe3da685401,umbra-scopelift,,
2024-06,1,0xfb2dc580eed955b528407b4d36ffafe3da685401,0x2d510b46b3c41ab0f6ba9803069600296218b383,0xfb2dc580eed955b528407b4d36ffafe3da685401,umbra-scopelift,,9.527
2024-07,1,0xfb2dc580eed955b528407b4d36ffafe3da685401,0x1d50966ee227b39885dc7907b7aca5791ce44af7,0xfb2dc580eed955b528407b4d36ffafe3da685401,umbra-scopelift,,
2024-06,1,0xfb2dc580eed955b528407b4d36ffafe3da685401,0x67856f2fa88245196e2455b5eeb4f1f893aaf6f2,0xfb2dc580eed955b528407b4d36ffafe3da685401,umbra-scopelift,,
2024-05,1,0xfb2dc580eed955b528407b4d36ffafe3da685401,0x059add84e6c2f20a389eab8b48d1d30df72975d8,0xfb2dc580eed955b528407b4d36ffafe3da685401,umbra-scopelift,,
2024-04,1,0xfb2dc580eed955b528407b4d36ffafe3da685401,0x142a459209d748122b6c07539d3b55ad3a2074ed,0xfb2dc580eed955b528407b4d36ffafe3da685401,umbra-scopelift,,
2024-04,1,0xfb2dc580eed955b528407b4d36ffafe3da685401,0x0d0bf9074cffa51be41323b631cb2ae586c5c88b,0xfb2dc580eed955b528407b4d36ffafe3da685401,umbra-scopelift,,
2024-08,9,0x4fe3fc701504ac72bff774e42e78fb349607de56,0x258ce197575d1aacda213ad58b6c324aee26c692,0x4fe3fc701504ac72bff774e42e78fb349607de56,duel3,,11.973
2024-08,12,0x4fe3fc701504ac72bff774e42e78fb349607de56,0x099532f577a1e474a30d198551936c8a075efbe1,0x4fe3fc701504ac72bff774e42e78fb349607de56,duel3,,19.281
2024-04,1,0x31fe56609c65cd0c510e7125f051d440424d38f3,0x4a93b082eb76eac81d993b800dfaef50bd74b33b,0x31fe56609c65cd0c510e7125f051d440424d38f3,umbra-scopelift,,
2024-04,1,0x31fe56609c65cd0c510e7125f051d440424d38f3,0x67856f2fa88245196e2455b5eeb4f1f893aaf6f2,0x31fe56609c65cd0c510e7125f051d440424d38f3,umbra-scopelift,,
2024-04,1,0x31fe56609c65cd0c510e7125f051d440424d38f3,0x32f58f81748412a953b130fba1b4e45787d9007e,0x31fe56609c65cd0c510e7125f051d440424d38f3,umbra-scopelift,,
2024-05,1,0xd4ac6c14b4c96f7e66049210f56cb07468028d4e,0x51f85eb6fdfab2af14e7c6cb626f68af78ef42f7,0xd4ac6c14b4c96f7e66049210f56cb07468028d4e,refimedellin,,3.209
2024-06,13,0x7603c4c63e25acde9241e92e43f9a6f527b97172,0xaa163c47065c22d17ed1c47e3e244337d2056c17,0xaa163c47065c22d17ed1c47e3e244337d2056c17,jobstash,,15.266
2024-04,2,0xfb2dc580eed955b528407b4d36ffafe3da685401,0x6667aa1192d6ce2a4d3dadf21e0cadfeafd972b3,0xfb2dc580eed955b528407b4d36ffafe3da685401,umbra-scopelift,,0
2024-06,1,0xfb2dc580eed955b528407b4d36ffafe3da685401,0x9317bba9fbdfdba48b1b2de968d92a7279b223d7,0xfb2dc580eed955b528407b4d36ffafe3da685401,umbra-scopelift,,1.014
2024-05,1,0xfb2dc580eed955b528407b4d36ffafe3da685401,0xa937dbe5a7fdc8e973364e91435d8b159a98ce23,0xfb2dc580eed955b528407b4d36ffafe3da685401,umbra-scopelift,,
2024-05,2,0xfb2dc580eed955b528407b4d36ffafe3da685401,0xafe0a8192c147f443f321937ea508a250a6319b9,0xfb2dc580eed955b528407b4d36ffafe3da685401,umbra-scopelift,,
2024-04,1,0xfb2dc580eed955b528407b4d36ffafe3da685401,0x3e679b728e8e305e69d24ca1b3a5d71da4245376,0xfb2dc580eed955b528407b4d36ffafe3da685401,umbra-scopelift,,
2024-06,1,0xfb2dc580eed955b528407b4d36ffafe3da685401,0x304d6f0afeb782704077b73496ba128366119bf9,0xfb2dc580eed955b528407b4d36ffafe3da685401,umbra-scopelift,,
2024-06,1,0xfb2dc580eed955b528407b4d36ffafe3da685401,0xf5bb5f9c46d77b04fbb93c3a849ea64445249b9f,0xfb2dc580eed955b528407b4d36ffafe3da685401,umbra-scopelift,,
2024-05,1,0xfb2dc580eed955b528407b4d36ffafe3da685401,0xaacaf743bc76bae6a643b3e3e892eeb240d9cadc,0xfb2dc580eed955b528407b4d36ffafe3da685401,umbra-scopelift,,
2024-06,2,0xfb2dc580eed955b528407b4d36ffafe3da685401,0xb01941f615ebf8fc783af780c87fd45aadf52bc4,0xfb2dc580eed955b528407b4d36ffafe3da685401,umbra-scopelift,,
2024-05,1,0xfb2dc580eed955b528407b4d36ffafe3da685401,0xdd25bdf9a8c04091ad76c21bde25ce0c108dd61b,0xfb2dc580eed955b528407b4d36ffafe3da685401,umbra-scopelift,,
2024-04,1,0xfb2dc580eed955b528407b4d36ffafe3da685401,0xd35f6ceabc8d1073e43dadea3834c641ecff0dfb,0xfb2dc580eed955b528407b4d36ffafe3da685401,umbra-scopelift,,11.089
2024-06,1,0xfb2dc580eed955b528407b4d36ffafe3da685401,0x7d985a244ccfd3f58ec56c409bd969c8e04b5a6d,0xfb2dc580eed955b528407b4d36ffafe3da685401,umbra-scopelift,,10.533
2024-05,1,0xfb2dc580eed955b528407b4d36ffafe3da685401,0xd35f6ceabc8d1073e43dadea3834c641ecff0dfb,0xfb2dc580eed955b528407b4d36ffafe3da685401,umbra-scopelift,,11.089
2024-07,1,0xfb2dc580eed955b528407b4d36ffafe3da685401,0xc347daf76ea85783d2509702aa5bee4e8f49a60f,0xfb2dc580eed955b528407b4d36ffafe3da685401,umbra-scopelift,,
2024-04,1,0xfb2dc580eed955b528407b4d36ffafe3da685401,0xb3b86c184739341e3051359c56d93717dc92075f,0xfb2dc580eed955b528407b4d36ffafe3da685401,umbra-scopelift,,
2024-07,1,0xa6b71e26c5e0845f74c812102ca7114b6a896ab2,0xaa163c47065c22d17ed1c47e3e244337d2056c17,0xaa163c47065c22d17ed1c47e3e244337d2056c17,jobstash,,15.266
2024-04,2,0x8e1bd5da87c14dd8e08f7ecc2abf9d1d558ea174,0xaa163c47065c22d17ed1c47e3e244337d2056c17,0xaa163c47065c22d17ed1c47e3e244337d2056c17,jobstash,,15.266
2024-04,1,0xfb73dfff0ae6aa94559b1b17421cf42e198b8d22,0xaa163c47065c22d17ed1c47e3e244337d2056c17,0xaa163c47065c22d17ed1c47e3e244337d2056c17,jobstash,,15.266
2024-04,1,0x78c1b41b825f89fae4736878fa63752f8d789bd6,0xaa163c47065c22d17ed1c47e3e244337d2056c17,0xaa163c47065c22d17ed1c47e3e244337d2056c17,jobstash,,15.266
2024-06,1,0xdbd0f5ebada6632dde7d47713ea200a7c2ff91eb,0xf5bb5f9c46d77b04fbb93c3a849ea64445249b9f,0xdbd0f5ebada6632dde7d47713ea200a7c2ff91eb,umbra-scopelift,,
2024-08,11,0x4fe3fc701504ac72bff774e42e78fb349607de56,0x43d96a998f942beaec801d19ced452758a9073a3,0x4fe3fc701504ac72bff774e42e78fb349607de56,duel3,,
2024-08,1,0x0442a9abbc93058a873c371f21cc366338254a88,0x290b2c04d8036eed6226bbef37855800b3452a24,0x0442a9abbc93058a873c371f21cc366338254a88,urbanika,0,
2024-06,1,0x31fe56609c65cd0c510e7125f051d440424d38f3,0xb01941f615ebf8fc783af780c87fd45aadf52bc4,0x31fe56609c65cd0c510e7125f051d440424d38f3,umbra-scopelift,,
2024-04,1,0x31fe56609c65cd0c510e7125f051d440424d38f3,0x3e679b728e8e305e69d24ca1b3a5d71da4245376,0x31fe56609c65cd0c510e7125f051d440424d38f3,umbra-scopelift,,
2024-04,1,0x31fe56609c65cd0c510e7125f051d440424d38f3,0x8eda47b1d76ae28e6ca44b48c1a882e8daace290,0x31fe56609c65cd0c510e7125f051d440424d38f3,umbra-scopelift,,0
2024-05,1,0x31fe56609c65cd0c510e7125f051d440424d38f3,0xb1ca01b00fe0d352e1e2a845bc3c45923d002e06,0x31fe56609c65cd0c510e7125f051d440424d38f3,umbra-scopelift,,20.191
2024-05,1,0x31fe56609c65cd0c510e7125f051d440424d38f3,0xafe0a8192c147f443f321937ea508a250a6319b9,0x31fe56609c65cd0c510e7125f051d440424d38f3,umbra-scopelift,,
2024-08,1,0x2e1e87d0a10dd59c332b1c0e8a894b738df7059e,0xaa163c47065c22d17ed1c47e3e244337d2056c17,0xaa163c47065c22d17ed1c47e3e244337d2056c17,jobstash,,15.266
2024-08,1,0x1c794bf1fcca8daa8271720919ff7ac68a7e1700,0xaa163c47065c22d17ed1c47e3e244337d2056c17,0xaa163c47065c22d17ed1c47e3e244337d2056c17,jobstash,,15.266
2024-08,1,0x2c2e7dca11c0cf96e27ba53e196ab79b4c123b0a,0xf7e678ea0d727b6b4b260d4ec8d0673713ce626f,0x2c2e7dca11c0cf96e27ba53e196ab79b4c123b0a,duel3,,
2024-04,1,0xfb2dc580eed955b528407b4d36ffafe3da685401,0x82aa7f9df69eeb04045e1c25e21502fe7dd37c12,0xfb2dc580eed955b528407b4d36ffafe3da685401,umbra-scopelift,,
2024-07,2,0xfb2dc580eed955b528407b4d36ffafe3da685401,0x8c86e06f3f4ae29029bbee2e70bbb90f9b944b17,0xfb2dc580eed955b528407b4d36ffafe3da685401,umbra-scopelift,,2.992
2024-07,1,0xfb2dc580eed955b528407b4d36ffafe3da685401,0x027405077b6322e6c4bbb664d01a7f5804922313,0xfb2dc580eed955b528407b4d36ffafe3da685401,umbra-scopelift,,
2024-06,1,0xfb2dc580eed955b528407b4d36ffafe3da685401,0xa57807126df79ea3ca00eaf5401f034cac0f758a,0xfb2dc580eed955b528407b4d36ffafe3da685401,umbra-scopelift,,15.287
2024-07,1,0xfb2dc580eed955b528407b4d36ffafe3da685401,0x2b77e1608d8d97c97ed19685c67cbfaa7101f4e4,0xfb2dc580eed955b528407b4d36ffafe3da685401,umbra-scopelift,,
2024-04,1,0xfb2dc580eed955b528407b4d36ffafe3da685401,0x3467f4d4c348d192aef365c119c1d1d66dcc780e,0xfb2dc580eed955b528407b4d36ffafe3da685401,umbra-scopelift,,
2024-06,1,0xfb2dc580eed955b528407b4d36ffafe3da685401,0xaeff30268e623b13de48216285f88b7adaf7d65b,0xfb2dc580eed955b528407b4d36ffafe3da685401,umbra-scopelift,,0
2024-04,1,0xfb2dc580eed955b528407b4d36ffafe3da685401,0x82e3a5a922a7bfccbefa880c75b148e297beb266,0xfb2dc580eed955b528407b4d36ffafe3da685401,umbra-scopelift,,3.07
2024-04,1,0xfb2dc580eed955b528407b4d36ffafe3da685401,0x977f1aa141508e60465f05eb0ee675359c4724b2,0xfb2dc580eed955b528407b4d36ffafe3da685401,umbra-scopelift,,
2024-06,1,0xfb2dc580eed955b528407b4d36ffafe3da685401,0xb4c8cd1f719f0617983a40de445e4f887d348d74,0xfb2dc580eed955b528407b4d36ffafe3da685401,umbra-scopelift,,20.246
2024-07,1,0xfb2dc580eed955b528407b4d36ffafe3da685401,0x8a00a0aa33063dd82c4f1e09fe55dd47c0117206,0xfb2dc580eed955b528407b4d36ffafe3da685401,umbra-scopelift,,
2024-08,1,0xfb2dc580eed955b528407b4d36ffafe3da685401,0x53f78dd1939c7a448fc959859eb666d8b05c380d,0xfb2dc580eed955b528407b4d36ffafe3da685401,umbra-scopelift,,0
2024-06,1,0xfb2dc580eed955b528407b4d36ffafe3da685401,0x33ece0795953b186efd0300e538be0c36cfbe7fd,0xfb2dc580eed955b528407b4d36ffafe3da685401,umbra-scopelift,,
2024-04,1,0xfb2dc580eed955b528407b4d36ffafe3da685401,0x8c86e06f3f4ae29029bbee2e70bbb90f9b944b17,0xfb2dc580eed955b528407b4d36ffafe3da685401,umbra-scopelift,,2.992
2024-05,1,0xfb2dc580eed955b528407b4d36ffafe3da685401,0x082dc589a20f65b19faed096fab30d3d49d61be1,0xfb2dc580eed955b528407b4d36ffafe3da685401,umbra-scopelift,,
2024-06,1,0xfb2dc580eed955b528407b4d36ffafe3da685401,0x082dc589a20f65b19faed096fab30d3d49d61be1,0xfb2dc580eed955b528407b4d36ffafe3da685401,umbra-scopelift,,
2024-04,1,0xfb2dc580eed955b528407b4d36ffafe3da685401,0x6954536d3b9ff9726f8f8982bd7aa217da4ab42b,0xfb2dc580eed955b528407b4d36ffafe3da685401,umbra-scopelift,,
2024-06,1,0xfb2dc580eed955b528407b4d36ffafe3da685401,0xe36f95027c9420956dd244c1edcfe58be52581a0,0xfb2dc580eed955b528407b4d36ffafe3da685401,umbra-scopelift,,5.748
2024-08,1,0xfb2dc580eed955b528407b4d36ffafe3da685401,0x8c86e06f3f4ae29029bbee2e70bbb90f9b944b17,0xfb2dc580eed955b528407b4d36ffafe3da685401,umbra-scopelift,,2.992
2024-08,1,0x31fe56609c65cd0c510e7125f051d440424d38f3,0x53f78dd1939c7a448fc959859eb666d8b05c380d,0x31fe56609c65cd0c510e7125f051d440424d38f3,umbra-scopelift,,0
2024-06,1,0x31fe56609c65cd0c510e7125f051d440424d38f3,0x4284e9c16c031e84f8bb209c29d5b01dd2faf81f,0x31fe56609c65cd0c510e7125f051d440424d38f3,umbra-scopelift,,
2024-07,1,0x31fe56609c65cd0c510e7125f051d440424d38f3,0x027405077b6322e6c4bbb664d01a7f5804922313,0x31fe56609c65cd0c510e7125f051d440424d38f3,umbra-scopelift,,
2024-06,1,0x31fe56609c65cd0c510e7125f051d440424d38f3,0x4f81ffe104a0a3f547aba9926068f860facafe52,0x31fe56609c65cd0c510e7125f051d440424d38f3,umbra-scopelift,,
2024-04,1,0x31fe56609c65cd0c510e7125f051d440424d38f3,0x82e3a5a922a7bfccbefa880c75b148e297beb266,0x31fe56609c65cd0c510e7125f051d440424d38f3,umbra-scopelift,,3.07
2024-07,1,0x31fe56609c65cd0c510e7125f051d440424d38f3,0xa57807126df79ea3ca00eaf5401f034cac0f758a,0x31fe56609c65cd0c510e7125f051d440424d38f3,umbra-scopelift,,15.287
2024-08,3,0x80f1b766817d04870f115febbccadf8dbf75e017,0xeaf9830bb7a38a3cebcaca3ff9f626c424f3fb55,0xeaf9830bb7a38a3cebcaca3ff9f626c424f3fb55,basin-global,,
2024-07,1,0x80f1b766817d04870f115febbccadf8dbf75e017,0xeaf9830bb7a38a3cebcaca3ff9f626c424f3fb55,0xeaf9830bb7a38a3cebcaca3ff9f626c424f3fb55,basin-global,,
2024-08,2,0xfb2dc580eed955b528407b4d36ffafe3da685401,0x0d104c58fa1a4747d357a71e95352e48657d4454,0xfb2dc580eed955b528407b4d36ffafe3da685401,umbra-scopelift,,
2024-04,1,0xfb2dc580eed955b528407b4d36ffafe3da685401,0xaa3b16ee59be9a61c89a9f0b686162c1a9b9d5f6,0xfb2dc580eed955b528407b4d36ffafe3da685401,umbra-scopelift,,
2024-06,1,0xfb2dc580eed955b528407b4d36ffafe3da685401,0x459b5b39ee7c0d699eac35f82e86d5340d87c288,0xfb2dc580eed955b528407b4d36ffafe3da685401,umbra-scopelift,,18.521
2024-04,1,0xfb2dc580eed955b528407b4d36ffafe3da685401,0x663454d3cf4b527f6b2e5941e4669d9a53e559ee,0xfb2dc580eed955b528407b4d36ffafe3da685401,umbra-scopelift,,0
2024-06,1,0xfb2dc580eed955b528407b4d36ffafe3da685401,0x6152d3ae7d6d021f88ef9c9411d4b5acb2f22d78,0xfb2dc580eed955b528407b4d36ffafe3da685401,umbra-scopelift,,
2024-06,1,0xfb2dc580eed955b528407b4d36ffafe3da685401,0xf9e70567195eb25be4202bc70940996bab1d436a,0xfb2dc580eed955b528407b4d36ffafe3da685401,umbra-scopelift,,
2024-07,1,0xfb2dc580eed955b528407b4d36ffafe3da685401,0xefed21496104a80f86d533096878eb29d8dceae4,0xfb2dc580eed955b528407b4d36ffafe3da685401,umbra-scopelift,,35.891
2024-08,1,0xfb2dc580eed955b528407b4d36ffafe3da685401,0xf3d3a4ad69cf1815a95b0997d026503b954875e0,0xfb2dc580eed955b528407b4d36ffafe3da685401,umbra-scopelift,,
2024-06,1,0xfb2dc580eed955b528407b4d36ffafe3da685401,0x263210c7f8a1382e9411f739da9a2efc7cc41290,0xfb2dc580eed955b528407b4d36ffafe3da685401,umbra-scopelift,,
2024-09,6,0xc36442b4a4522e871399cd717abdd847ab11fe88,0xeaf9830bb7a38a3cebcaca3ff9f626c424f3fb55,0xeaf9830bb7a38a3cebcaca3ff9f626c424f3fb55,basin-global,,
2024-07,1,0x777777e8850d8d6d98de2b5f64fae401f96eff31,0xeaf9830bb7a38a3cebcaca3ff9f626c424f3fb55,0xeaf9830bb7a38a3cebcaca3ff9f626c424f3fb55,basin-global,,
2024-07,3,0x2ed6c4b5da6378c7897ac67ba9e43102feb694ee,0xeaf9830bb7a38a3cebcaca3ff9f626c424f3fb55,0xeaf9830bb7a38a3cebcaca3ff9f626c424f3fb55,basin-global,,
2024-05,3,0x912ce59144191c1204e64559fe8253a0e49e6548,0xeaf9830bb7a38a3cebcaca3ff9f626c424f3fb55,0xeaf9830bb7a38a3cebcaca3ff9f626c424f3fb55,basin-global,,
2024-09,1,0x0ea010dcb1dfbe5c9d1ac475901a59642bad90f4,0xeaf9830bb7a38a3cebcaca3ff9f626c424f3fb55,0xeaf9830bb7a38a3cebcaca3ff9f626c424f3fb55,basin-global,,
2024-08,1,0x0ea010dcb1dfbe5c9d1ac475901a59642bad90f4,0xeaf9830bb7a38a3cebcaca3ff9f626c424f3fb55,0xeaf9830bb7a38a3cebcaca3ff9f626c424f3fb55,basin-global,,
2024-09,1,0x0ea010dcb1dfbe5c9d1ac475901a59642bad90f4,0xeaf9830bb7a38a3cebcaca3ff9f626c424f3fb55,0x0ea010dcb1dfbe5c9d1ac475901a59642bad90f4,basin-global,,
2024-08,1,0x0ea010dcb1dfbe5c9d1ac475901a59642bad90f4,0xeaf9830bb7a38a3cebcaca3ff9f626c424f3fb55,0x0ea010dcb1dfbe5c9d1ac475901a59642bad90f4,basin-global,,
2024-07,1,0xd754e6f43ebdf6c751a91141773d4ee68ec0ae47,0xeaf9830bb7a38a3cebcaca3ff9f626c424f3fb55,0xeaf9830bb7a38a3cebcaca3ff9f626c424f3fb55,basin-global,,
2024-04,1,0xd754e6f43ebdf6c751a91141773d4ee68ec0ae47,0xeaf9830bb7a38a3cebcaca3ff9f626c424f3fb55,0xeaf9830bb7a38a3cebcaca3ff9f626c424f3fb55,basin-global,,
2024-07,1,0xda10009cbd5d07dd0cecc66161fc93d7c9000da1,0xeaf9830bb7a38a3cebcaca3ff9f626c424f3fb55,0xeaf9830bb7a38a3cebcaca3ff9f626c424f3fb55,basin-global,,
2024-06,1,0xda10009cbd5d07dd0cecc66161fc93d7c9000da1,0xeaf9830bb7a38a3cebcaca3ff9f626c424f3fb55,0xeaf9830bb7a38a3cebcaca3ff9f626c424f3fb55,basin-global,,
2024-05,1,0x9dda6ef3d919c9bc8885d5560999a3640431e8e6,0xeaf9830bb7a38a3cebcaca3ff9f626c424f3fb55,0xeaf9830bb7a38a3cebcaca3ff9f626c424f3fb55,basin-global,,
2024-05,2,0x79c2d72552df1c5d551b812eca906a90ce9d840a,0xeaf9830bb7a38a3cebcaca3ff9f626c424f3fb55,0xeaf9830bb7a38a3cebcaca3ff9f626c424f3fb55,basin-global,17.494,
2024-05,2,0x79c2d72552df1c5d551b812eca906a90ce9d840a,0xeaf9830bb7a38a3cebcaca3ff9f626c424f3fb55,0x79c2d72552df1c5d551b812eca906a90ce9d840a,basin-global,17.494,
2024-08,1,0xaa0452e61fe9cac75792a2dea9c06270d77e89d4,0xeaf9830bb7a38a3cebcaca3ff9f626c424f3fb55,0xeaf9830bb7a38a3cebcaca3ff9f626c424f3fb55,basin-global,,
2024-07,1,0x777777c338d93e2c7adf08d102d45ca7cc4ed021,0xeaf9830bb7a38a3cebcaca3ff9f626c424f3fb55,0xeaf9830bb7a38a3cebcaca3ff9f626c424f3fb55,basin-global,,
2024-07,1,0xf843373b1561a362d1410316c8c215719a2fa44b,0xeaf9830bb7a38a3cebcaca3ff9f626c424f3fb55,0xeaf9830bb7a38a3cebcaca3ff9f626c424f3fb55,basin-global,,
2024-08,8,0x4fe3fc701504ac72bff774e42e78fb349607de56,0xca5be597e8c77a16605b6cec52df308e75bd3263,0x4fe3fc701504ac72bff774e42e78fb349607de56,duel3,,
2024-04,1,0x92dc27b8a07839c639c5c594f65aaaf91c6f05a6,0xeaf9830bb7a38a3cebcaca3ff9f626c424f3fb55,0xeaf9830bb7a38a3cebcaca3ff9f626c424f3fb55,basin-global,,
2024-07,20,0xc6e4e6e5a11e70af6334bf3274f4d4c2e0ce3571,0xeaf9830bb7a38a3cebcaca3ff9f626c424f3fb55,0xeaf9830bb7a38a3cebcaca3ff9f626c424f3fb55,basin-global,,
2024-08,2,0xc6e4e6e5a11e70af6334bf3274f4d4c2e0ce3571,0xeaf9830bb7a38a3cebcaca3ff9f626c424f3fb55,0xeaf9830bb7a38a3cebcaca3ff9f626c424f3fb55,basin-global,,
2024-07,20,0xc6e4e6e5a11e70af6334bf3274f4d4c2e0ce3571,0xeaf9830bb7a38a3cebcaca3ff9f626c424f3fb55,0xc6e4e6e5a11e70af6334bf3274f4d4c2e0ce3571,basin-global,,
2024-08,2,0xc6e4e6e5a11e70af6334bf3274f4d4c2e0ce3571,0xeaf9830bb7a38a3cebcaca3ff9f626c424f3fb55,0xc6e4e6e5a11e70af6334bf3274f4d4c2e0ce3571,basin-global,,
2024-05,1,0x0442a9abbc93058a873c371f21cc366338254a88,0x64e7ef83ede3ec9b161acdb5bece3d0a7288f3b8,0x0442a9abbc93058a873c371f21cc366338254a88,urbanika,0,
2024-04,1,0x4aacca72145e1df2aec137e1f3c5e3d75db8b5f3,0xeaf9830bb7a38a3cebcaca3ff9f626c424f3fb55,0xeaf9830bb7a38a3cebcaca3ff9f626c424f3fb55,basin-global,,
2024-08,1,0x4aacca72145e1df2aec137e1f3c5e3d75db8b5f3,0xeaf9830bb7a38a3cebcaca3ff9f626c424f3fb55,0xeaf9830bb7a38a3cebcaca3ff9f626c424f3fb55,basin-global,,
2024-08,2,0xbd75f629a22dc1ced33dda0b68c546a1c035c458,0xeaf9830bb7a38a3cebcaca3ff9f626c424f3fb55,0xeaf9830bb7a38a3cebcaca3ff9f626c424f3fb55,basin-global,,
2024-08,2,0x6dc1d6b864e8bef815806f9e4677123496e12026,0xeaf9830bb7a38a3cebcaca3ff9f626c424f3fb55,0xeaf9830bb7a38a3cebcaca3ff9f626c424f3fb55,basin-global,,
2024-08,1,0x31fe56609c65cd0c510e7125f051d440424d38f3,0x0d104c58fa1a4747d357a71e95352e48657d4454,0x31fe56609c65cd0c510e7125f051d440424d38f3,umbra-scopelift,,
2024-08,1,0x31fe56609c65cd0c510e7125f051d440424d38f3,0x44277e1e7270d8aa2f5728cc47be29c87497d097,0x31fe56609c65cd0c510e7125f051d440424d38f3,umbra-scopelift,,
2024-04,1,0x31fe56609c65cd0c510e7125f051d440424d38f3,0xaa3b16ee59be9a61c89a9f0b686162c1a9b9d5f6,0x31fe56609c65cd0c510e7125f051d440424d38f3,umbra-scopelift,,
2024-08,1,0x31fe56609c65cd0c510e7125f051d440424d38f3,0xf3d3a4ad69cf1815a95b0997d026503b954875e0,0x31fe56609c65cd0c510e7125f051d440424d38f3,umbra-scopelift,,
2024-05,1,0x31fe56609c65cd0c510e7125f051d440424d38f3,0xefed21496104a80f86d533096878eb29d8dceae4,0x31fe56609c65cd0c510e7125f051d440424d38f3,umbra-scopelift,,35.891
2024-06,1,0x31fe56609c65cd0c510e7125f051d440424d38f3,0x459b5b39ee7c0d699eac35f82e86d5340d87c288,0x31fe56609c65cd0c510e7125f051d440424d38f3,umbra-scopelift,,18.521
2024-07,1,0xabcdefed93200601e1dfe26d6644758801d732e8,0xeaf9830bb7a38a3cebcaca3ff9f626c424f3fb55,0xeaf9830bb7a38a3cebcaca3ff9f626c424f3fb55,basin-global,,
2024-08,2,0x1133ea7af70876e64665ecd07c0a0476d09465a1,0xeaf9830bb7a38a3cebcaca3ff9f626c424f3fb55,0xeaf9830bb7a38a3cebcaca3ff9f626c424f3fb55,basin-global,,
2024-04,1,0x1133ea7af70876e64665ecd07c0a0476d09465a1,0xeaf9830bb7a38a3cebcaca3ff9f626c424f3fb55,0xeaf9830bb7a38a3cebcaca3ff9f626c424f3fb55,basin-global,,
2024-05,5,0xaf88d065e77c8cc2239327c5edb3a432268e5831,0xeaf9830bb7a38a3cebcaca3ff9f626c424f3fb55,0xeaf9830bb7a38a3cebcaca3ff9f626c424f3fb55,basin-global,,
2024-07,4,0xaf88d065e77c8cc2239327c5edb3a432268e5831,0xeaf9830bb7a38a3cebcaca3ff9f626c424f3fb55,0xeaf9830bb7a38a3cebcaca3ff9f626c424f3fb55,basin-global,,
2024-07,2,0xfb2dc580eed955b528407b4d36ffafe3da685401,0x9332fe035394b1a5ff3536bdd88474cc480734a4,0xfb2dc580eed955b528407b4d36ffafe3da685401,umbra-scopelift,,2.674
2024-04,1,0xfb2dc580eed955b528407b4d36ffafe3da685401,0x5695e6549b9a28a81f9f09070c5716feabdfd821,0xfb2dc580eed955b528407b4d36ffafe3da685401,umbra-scopelift,,3.07
2024-05,1,0xfb2dc580eed955b528407b4d36ffafe3da685401,0x59977eb9bd0b95a808a1f245bea9e86eaa1692b1,0xfb2dc580eed955b528407b4d36ffafe3da685401,umbra-scopelift,,
2024-07,1,0xfb2dc580eed955b528407b4d36ffafe3da685401,0xb09a32774a3bcda84b310e0bbce573b6e009b448,0xfb2dc580eed955b528407b4d36ffafe3da685401,umbra-scopelift,,
2024-04,1,0xfb2dc580eed955b528407b4d36ffafe3da685401,0xd9d4d692a4d18849321b9713c5ba5d4858436499,0xfb2dc580eed955b528407b4d36ffafe3da685401,umbra-scopelift,,4.856
2024-07,1,0xfb2dc580eed955b528407b4d36ffafe3da685401,0x316c18f19471332033f22b5421bd18dca0873caa,0xfb2dc580eed955b528407b4d36ffafe3da685401,umbra-scopelift,,
2024-06,1,0xfb2dc580eed955b528407b4d36ffafe3da685401,0x530e381907b07ebbde8e7334af86a51caed25a39,0xfb2dc580eed955b528407b4d36ffafe3da685401,umbra-scopelift,,
2024-08,1,0xfb2dc580eed955b528407b4d36ffafe3da685401,0x7110605b097ff4eecac1e0a0e498b62c908c7c1f,0xfb2dc580eed955b528407b4d36ffafe3da685401,umbra-scopelift,,
2024-08,2,0xfb2dc580eed955b528407b4d36ffafe3da685401,0x9332fe035394b1a5ff3536bdd88474cc480734a4,0xfb2dc580eed955b528407b4d36ffafe3da685401,umbra-scopelift,,2.674
2024-04,1,0xfb2dc580eed955b528407b4d36ffafe3da685401,0xa073d8692311579fc751e75ba4f23e39fb851fa9,0xfb2dc580eed955b528407b4d36ffafe3da685401,umbra-scopelift,,
2024-04,1,0xfb2dc580eed955b528407b4d36ffafe3da685401,0xe686b5c58ba27cc29dd52056891682589902d680,0xfb2dc580eed955b528407b4d36ffafe3da685401,umbra-scopelift,,4.21
2024-08,14,0x4fe3fc701504ac72bff774e42e78fb349607de56,0x3511748c00b6b2dd9f77c1141cec9c0bd7ada5be,0x4fe3fc701504ac72bff774e42e78fb349607de56,duel3,,47.014
2024-08,5,0x4fe3fc701504ac72bff774e42e78fb349607de56,0x03a86a39e9c6b9cc75781bd7cba38b793e31673d,0x4fe3fc701504ac72bff774e42e78fb349607de56,duel3,,18.593
2024-06,1,0xbc7797319b3ed4246c7078cc4e8b28ea2c6872d0,0x7628ca7119c215603b4c04a10257674dffb3b2ca,0xbc7797319b3ed4246c7078cc4e8b28ea2c6872d0,moona-lisa,,18.626
2024-05,1,0x31fe56609c65cd0c510e7125f051d440424d38f3,0x59977eb9bd0b95a808a1f245bea9e86eaa1692b1,0x31fe56609c65cd0c510e7125f051d440424d38f3,umbra-scopelift,,
2024-07,1,0x31fe56609c65cd0c510e7125f051d440424d38f3,0x7110605b097ff4eecac1e0a0e498b62c908c7c1f,0x31fe56609c65cd0c510e7125f051d440424d38f3,umbra-scopelift,,
2024-05,1,0x2c2e7dca11c0cf96e27ba53e196ab79b4c123b0a,0xf46160b63f4df9fb35696d96497e01a8e923a096,0x2c2e7dca11c0cf96e27ba53e196ab79b4c123b0a,duel3,,
2024-04,1,0x2c2e7dca11c0cf96e27ba53e196ab79b4c123b0a,0xf46160b63f4df9fb35696d96497e01a8e923a096,0x2c2e7dca11c0cf96e27ba53e196ab79b4c123b0a,duel3,,
2024-08,1,0xa323b49fe61742527d081ecf8d5fe396515a3bfe,0x7f75c1ca752850b390e4ad05b0c3b6301f8ced61,0xa323b49fe61742527d081ecf8d5fe396515a3bfe,coindlabs,,
2024-05,1,0xfb2dc580eed955b528407b4d36ffafe3da685401,0x0c1ab3f055d9dc26dfc8fc79819a9b3803ebe19f,0xfb2dc580eed955b528407b4d36ffafe3da685401,umbra-scopelift,,3.599
2024-06,1,0xfb2dc580eed955b528407b4d36ffafe3da685401,0x05afe690195da95f633d42e3e8e64ed2e07a8bfc,0xfb2dc580eed955b528407b4d36ffafe3da685401,umbra-scopelift,,
2024-05,1,0xfb2dc580eed955b528407b4d36ffafe3da685401,0x05afe690195da95f633d42e3e8e64ed2e07a8bfc,0xfb2dc580eed955b528407b4d36ffafe3da685401,umbra-scopelift,,
2024-08,1,0xfb2dc580eed955b528407b4d36ffafe3da685401,0xab66d0959754b28ee7b5be3aa6ea173b35e92390,0xfb2dc580eed955b528407b4d36ffafe3da685401,umbra-scopelift,,
2024-04,1,0xfb2dc580eed955b528407b4d36ffafe3da685401,0x0c1ab3f055d9dc26dfc8fc79819a9b3803ebe19f,0xfb2dc580eed955b528407b4d36ffafe3da685401,umbra-scopelift,,3.599
2024-05,1,0xfb2dc580eed955b528407b4d36ffafe3da685401,0xd03754736cc4aedcc39564fad8d47293d9883cda,0xfb2dc580eed955b528407b4d36ffafe3da685401,umbra-scopelift,,
2024-08,1,0x90147c081007eb4ffc9743c829008b09f9446324,0x4744cda32be7b3e75b9334001da9ed21789d4c0d,0x4744cda32be7b3e75b9334001da9ed21789d4c0d,lexdao,,13.175
2024-07,1,0x5e325eda8064b456f4781070c0738d849c824258,0x4744cda32be7b3e75b9334001da9ed21789d4c0d,0x4744cda32be7b3e75b9334001da9ed21789d4c0d,lexdao,,13.175
2024-08,1,0x5e325eda8064b456f4781070c0738d849c824258,0x4744cda32be7b3e75b9334001da9ed21789d4c0d,0x4744cda32be7b3e75b9334001da9ed21789d4c0d,lexdao,,13.175
2024-05,1,0x8e1bd5da87c14dd8e08f7ecc2abf9d1d558ea174,0x4744cda32be7b3e75b9334001da9ed21789d4c0d,0x4744cda32be7b3e75b9334001da9ed21789d4c0d,lexdao,,13.175
2024-08,1,0xda10009cbd5d07dd0cecc66161fc93d7c9000da1,0x4744cda32be7b3e75b9334001da9ed21789d4c0d,0x4744cda32be7b3e75b9334001da9ed21789d4c0d,lexdao,,13.175
2024-04,1,0x4aacca72145e1df2aec137e1f3c5e3d75db8b5f3,0x4744cda32be7b3e75b9334001da9ed21789d4c0d,0x4744cda32be7b3e75b9334001da9ed21789d4c0d,lexdao,,13.175
2024-07,1,0x31fe56609c65cd0c510e7125f051d440424d38f3,0xd8bf7e93be2bf5ffac94ae111555f4542c4d281e,0x31fe56609c65cd0c510e7125f051d440424d38f3,umbra-scopelift,,